Date,Average temperature (Â°F)
2009-01-01,37.8
2009-01-02,43.2
2009-01-03,25.7
2009-01-04,9.3
2009-01-05,23.5
2009-01-06,24.8
2009-01-07,34.2
2009-01-08,42.1
2009-01-09,30.3
2009-01-10,26.2
2009-01-11,30.1
2009-01-12,23.4
2009-01-13,32.4
2009-01-14,33.1
2009-01-15,35.7
2009-01-16,41.6
2009-01-17,40.9
2009-01-18,43.4
2009-01-19,46.6
2009-01-20,40.0
2009-01-21,48.2
2009-01-22,44.8
2009-01-23,24.8
2009-01-24,35.4
2009-01-25,21.0
2009-01-26,2.8
2009-01-27,7.9
2009-01-28,21.8
2009-01-29,22.5
2009-01-30,36.0
2009-01-31,38.3
2009-02-01,30.8
2009-02-02,33.0
2009-02-03,38.6
2009-02-04,43.3
2009-02-05,45.6
2009-02-06,33.4
2009-02-07,34.2
2009-02-08,31.5
2009-02-09,31.2
2009-02-10,25.8
2009-02-11,23.2
2009-02-12,25.9
2009-02-13,19.9
2009-02-14,20.5
2009-02-15,27.8
2009-02-16,38.9
2009-02-17,32.5
2009-02-18,28.3
2009-02-19,27.8
2009-02-20,27.9
2009-02-21,34.7
2009-02-22,44.0
2009-02-23,44.7
2009-02-24,44.4
2009-02-25,45.8
2009-02-26,35.2
2009-02-27,26.7
2009-02-28,29.1
2009-03-01,40.6
2009-03-02,54.0
2009-03-03,48.7
2009-03-04,49.1
2009-03-05,38.5
2009-03-06,33.1
2009-03-07,27.8
2009-03-08,36.9
2009-03-09,34.1
2009-03-10,19.5
2009-03-11,29.2
2009-03-12,14.7
2009-03-16,46.3
2009-03-17,48.1
2009-03-18,42.3
2009-03-19,40.2
2009-03-20,41.4
2009-03-21,43.3
2009-03-22,48.7
2009-03-23,35.8
2009-03-24,30.7
2009-03-25,28.1
2009-03-26,16.8
2009-03-27,21.1
2009-03-28,33.1
2009-03-29,40.7
2009-03-30,23.3
2009-03-31,25.8
2009-04-01,24.8
2009-04-02,29.1
2009-04-03,36.5
2009-04-04,25.7
2009-04-05,22.0
2009-04-06,34.3
2009-04-07,45.3
2009-04-08,49.6
2009-04-09,37.4
2009-04-10,35.9
2009-04-11,35.0
2009-04-12,34.9
2009-04-13,42.7
2009-04-14,41.9
2009-04-15,43.4
2009-04-16,32.1
2009-04-17,30.8
2009-04-18,33.5
2009-04-19,37.4
2009-04-20,47.3
2009-04-21,51.7
2009-04-22,47.0
2009-04-23,52.1
2009-04-24,53.1
2009-04-25,34.7
2009-04-26,37.1
2009-04-27,31.2
2009-04-28,43.5
2009-04-29,52.7
2009-04-30,42.9
2009-05-01,37.2
2009-05-02,37.7
2009-05-03,42.1
2009-05-04,46.3
2009-05-05,48.9
2009-05-06,54.4
2009-05-07,57.3
2009-05-08,47.1
2009-05-09,42.7
2009-05-10,38.0
2009-05-11,51.1
2009-05-12,57.8
2009-05-13,51.6
2009-05-14,50.8
2009-05-15,52.6
2009-05-16,47.9
2009-05-17,54.2
2009-05-18,60.4
2009-05-19,61.9
2009-05-20,62.5
2009-05-21,50.6
2009-05-22,53.7
2009-05-23,48.9
2009-05-24,50.7
2009-05-25,50.1
2009-05-26,46.5
2009-05-27,48.8
2009-05-28,49.7
2009-05-29,53.1
2009-05-30,53.9
2009-05-31,56.3
2009-06-01,50.6
2009-06-02,42.2
2009-06-03,48.3
2009-06-04,57.1
2009-06-05,56.5
2009-06-06,59.0
2009-06-07,48.4
2009-06-08,47.8
2009-06-09,50.9
2009-06-10,51.3
2009-06-11,48.9
2009-06-12,49.3
2009-06-13,55.4
2009-06-14,55.1
2009-06-15,49.9
2009-06-16,51.3
2009-06-17,57.3
2009-06-18,58.7
2009-06-19,58.1
2009-06-20,54.5
2009-06-21,61.4
2009-06-22,61.2
2009-06-23,60.0
2009-06-24,62.8
2009-06-25,61.0
2009-06-26,61.1
2009-06-27,63.9
2009-06-28,62.0
2009-06-29,62.5
2009-06-30,63.0
2009-07-01,62.0
2009-07-02,58.8
2009-07-03,60.9
2009-07-04,56.2
2009-07-05,55.7
2009-07-06,59.2
2009-07-07,62.5
2009-07-08,65.5
2009-07-09,60.4
2009-07-10,61.8
2009-07-11,66.1
2009-07-12,67.1
2009-07-13,63.5
2009-07-14,68.1
2009-07-15,64.9
2009-07-16,64.0
2009-07-17,63.0
2009-07-18,61.2
2009-07-19,66.4
2009-07-20,70.0
2009-07-21,59.5
2009-07-22,59.9
2009-07-23,63.5
2009-07-24,65.5
2009-07-25,59.3
2009-07-26,60.1
2009-07-27,56.9
2009-07-28,53.6
2009-07-29,49.8
2009-07-30,48.1
2009-07-31,55.0
2009-08-01,57.5
2009-08-02,65.3
2009-08-03,64.4
2009-08-04,61.9
2009-08-05,62.0
2009-08-06,61.2
2009-08-07,65.2
2009-08-08,63.6
2009-08-09,58.0
2009-08-10,60.5
2009-08-11,61.1
2009-08-12,64.5
2009-08-13,63.1
2009-08-14,62.3
2009-08-15,61.2
2009-08-16,54.8
2009-08-17,51.7
2009-08-18,56.3
2009-08-19,60.1
2009-08-20,60.6
2009-08-21,61.1
2009-08-22,66.2
2009-08-23,68.0
2009-08-24,65.6
2009-08-25,56.4
2009-08-26,54.3
2009-08-27,59.2
2009-08-28,58.6
2009-08-29,56.1
2009-08-30,54.1
2009-08-31,60.1
2009-09-01,63.9
2009-09-02,64.0
2009-09-03,63.6
2009-09-04,56.8
2009-09-05,62.2
2009-09-06,62.5
2009-09-07,64.6
2009-09-08,68.9
2009-09-09,62.3
2009-09-10,62.1
2009-09-11,56.8
2009-09-12,42.1
2009-09-13,50.3
2009-09-14,59.7
2009-09-15,57.9
2009-09-16,53.0
2009-09-17,53.3
2009-09-18,52.4
2009-09-19,52.1
2009-09-20,54.0
2009-09-21,40.0
2009-09-22,39.4
2009-09-23,42.5
2009-09-24,40.4
2009-09-25,45.8
2009-09-26,62.4
2009-09-27,61.3
2009-09-28,44.8
2009-09-29,59.1
2009-09-30,52.2
2009-10-01,35.0
2009-10-02,41.6
2009-10-03,38.6
2009-10-04,36.3
2009-10-05,38.7
2009-10-06,41.3
2009-10-07,49.9
2009-10-08,29.2
2009-10-09,31.3
2009-10-10,17.4
2009-10-11,29.0
2009-10-12,40.4
2009-10-13,40.8
2009-10-14,49.0
2009-10-15,46.8
2009-10-16,44.7
2009-10-17,41.2
2009-10-18,57.9
2009-10-19,52.3
2009-10-20,37.7
2009-10-21,32.0
2009-10-22,35.8
2009-10-23,42.4
2009-10-24,44.1
2009-10-25,30.2
2009-10-26,32.7
2009-10-27,39.3
2009-10-28,22.2
2009-10-29,19.5
2009-10-30,30.7
2009-10-31,44.0
2009-11-01,47.3
2009-11-02,38.8
2009-11-03,48.1
2009-11-04,46.0
2009-11-05,56.1
2009-11-06,55.1
2009-11-07,51.4
2009-11-08,45.9
2009-11-09,35.2
2009-11-10,38.2
2009-11-11,50.1
2009-11-12,52.0
2009-11-13,32.9
2009-11-14,25.7
2009-11-15,19.6
2009-11-16,19.2
2009-11-17,28.8
2009-11-18,35.7
2009-11-19,32.7
2009-11-20,30.4
2009-11-21,42.7
2009-11-22,35.6
2009-11-23,26.5
2009-11-24,32.6
2009-11-25,39.7
2009-11-26,46.4
2009-11-27,47.3
2009-11-28,37.4
2009-11-29,27.6
2009-11-30,32.3
2010-01-01,32.1
2010-01-02,32.1
2010-01-03,23.1
2010-01-04,25.7
2010-01-05,34.3
2010-01-06,18.4
2010-01-07,1.4
2010-01-08,23.5
2010-01-09,37.7
2010-01-10,30.3
2010-01-11,24.2
2010-01-12,40.2
2010-01-13,37.3
2010-01-14,24.6
2010-01-15,32.5
2010-01-16,42.3
2010-01-17,36.7
2010-01-18,35.0
2010-01-19,31.4
2010-01-20,25.6
2010-01-21,29.5
2010-01-22,32.0
2010-01-23,27.1
2010-01-24,23.9
2010-01-25,25.6
2010-01-26,28.1
2010-01-27,30.7
2010-01-28,21.5
2010-01-29,21.3
2010-01-30,23.9
2010-01-31,25.9
2010-02-01,27.1
2010-02-02,29.9
2010-02-03,30.6
2010-02-04,29.0
2010-02-05,31.5
2010-02-06,32.0
2010-02-07,22.2
2010-02-08,15.2
2010-02-09,17.3
2010-02-10,27.5
2010-02-11,27.3
2010-02-12,29.1
2010-02-13,30.4
2010-02-14,16.0
2010-02-15,15.2
2010-02-16,18.4
2010-02-17,30.1
2010-02-18,23.0
2010-02-19,16.8
2010-02-20,16.2
2010-02-21,10.3
2010-02-22,11.0
2010-02-23,24.0
2010-02-24,31.2
2010-02-25,28.0
2010-02-26,22.3
2010-02-27,27.4
2010-02-28,25.8
2010-03-01,26.1
2010-03-02,27.8
2010-03-03,31.4
2010-03-04,29.9
2010-03-05,29.9
2010-03-06,37.0
2010-03-07,38.0
2010-03-08,35.5
2010-03-09,35.3
2010-03-10,26.4
2010-03-11,27.7
2010-03-12,36.2
2010-03-13,36.2
2010-03-14,27.9
2010-03-15,31.2
2010-03-16,36.9
2010-03-17,43.2
2010-03-18,35.7
2010-03-19,18.6
2010-03-20,15.0
2010-03-21,38.9
2010-03-22,41.8
2010-03-23,29.4
2010-03-24,25.9
2010-03-25,31.7
2010-03-26,33.6
2010-03-27,32.5
2010-03-28,40.4
2010-03-29,47.4
2010-03-30,54.4
2010-03-31,45.7
2010-04-01,32.4
2010-04-02,26.3
2010-04-03,30.9
2010-04-04,35.2
2010-04-05,38.0
2010-04-06,30.0
2010-04-07,29.8
2010-04-08,40.9
2010-04-09,46.9
2010-04-10,38.7
2010-04-11,43.6
2010-04-12,47.7
2010-04-13,40.2
2010-04-14,44.3
2010-04-15,42.9
2010-04-16,39.9
2010-04-17,39.5
2010-04-18,43.0
2010-04-19,44.5
2010-04-20,42.4
2010-04-21,44.0
2010-04-22,39.4
2010-04-23,32.9
2010-04-24,37.6
2010-04-25,40.5
2010-04-26,32.7
2010-04-27,45.7
2010-04-28,52.0
2010-04-29,32.2
2010-04-30,31.7
2010-05-01,34.3
2010-05-02,32.1
2010-05-03,39.6
2010-05-04,48.5
2010-05-05,43.7
2010-05-06,42.6
2010-05-08,35.0
2010-05-09,46.8
2010-05-10,45.0
2010-05-11,32.0
2010-05-12,28.6
2010-05-13,30.6
2010-05-14,36.6
2010-05-15,39.8
2010-05-16,46.3
2010-05-17,48.1
2010-05-18,46.8
2010-05-19,48.8
2010-05-20,51.0
2010-05-21,51.4
2010-05-22,60.6
2010-05-23,48.4
2010-05-24,43.9
2010-05-25,48.7
2010-05-26,53.2
2010-05-27,57.7
2010-05-28,61.7
2010-05-29,58.3
2010-05-30,50.0
2010-05-31,53.0
2010-06-01,54.8
2010-06-02,52.8
2010-06-03,57.7
2010-06-04,63.6
2010-06-05,68.2
2010-06-06,62.6
2010-06-07,66.9
2010-06-08,57.9
2010-06-09,60.0
2010-06-10,61.4
2010-06-11,53.3
2010-06-12,43.5
2010-06-13,42.4
2010-06-14,48.0
2010-06-15,57.2
2010-06-16,59.1
2010-06-17,59.8
2010-06-18,58.6
2010-06-19,59.7
2010-06-20,59.4
2010-06-21,61.9
2010-06-22,62.4
2010-06-23,57.7
2010-06-24,63.0
2010-06-25,65.8
2010-06-26,65.9
2010-06-27,58.6
2010-06-28,61.9
2010-06-29,64.7
2010-06-30,64.6
2010-07-01,65.5
2010-07-02,63.5
2010-07-03,67.2
2010-07-04,57.3
2010-07-05,59.8
2010-07-06,61.0
2010-07-07,51.2
2010-07-08,51.4
2010-07-09,56.3
2010-07-10,61.0
2010-07-11,61.5
2010-07-12,68.1
2010-07-13,71.6
2010-07-14,70.1
2010-07-15,66.9
2010-07-16,68.0
2010-07-17,68.2
2010-07-18,67.8
2010-07-19,65.0
2010-07-20,59.5
2010-07-22,65.9
2010-07-23,68.4
2010-07-24,62.5
2010-07-25,64.6
2010-07-26,67.9
2010-07-27,66.1
2010-07-28,63.7
2010-07-29,64.1
2010-07-30,63.3
2010-07-31,64.7
2010-08-01,63.4
2010-08-02,60.5
2010-08-03,60.9
2010-08-04,58.9
2010-08-05,57.8
2010-08-06,62.0
2010-08-07,65.8
2010-08-08,65.2
2010-08-09,59.8
2010-08-10,61.2
2010-08-11,62.8
2010-08-12,63.4
2010-08-13,61.4
2010-08-14,56.2
2010-08-15,61.8
2010-08-16,60.2
2010-08-17,61.7
2010-08-18,67.0
2010-08-19,62.6
2010-08-20,64.8
2010-08-21,62.7
2010-08-22,67.6
2010-08-23,67.5
2010-08-24,57.8
2010-08-25,60.8
2010-08-26,62.8
2010-08-27,65.9
2010-08-28,65.5
2010-08-29,66.8
2010-08-30,60.6
2010-08-31,58.7
2010-09-01,58.1
2010-09-02,53.9
2010-09-03,53.3
2010-09-04,62.4
2010-09-05,66.9
2010-09-06,56.2
2010-09-07,53.5
2010-09-08,59.5
2010-09-09,58.1
2010-09-10,56.0
2010-09-11,56.4
2010-09-12,58.5
2010-09-13,56.5
2010-09-14,59.4
2010-09-15,60.4
2010-09-16,59.2
2010-09-17,59.1
2010-09-18,57.6
2010-09-19,63.3
2010-09-20,65.1
2010-09-21,62.8
2010-09-22,58.6
2010-09-24,60.5
2010-09-25,61.2
2010-09-26,57.8
2010-09-27,62.1
2010-09-28,58.9
2010-09-29,65.4
2010-09-30,53.1
2010-10-01,53.8
2010-10-02,49.6
2010-10-03,52.7
2010-10-04,54.5
2010-10-05,53.9
2010-10-06,50.7
2010-10-07,55.6
2010-10-08,48.8
2010-10-09,46.9
2010-10-10,48.3
2010-10-11,48.5
2010-10-12,41.8
2010-10-13,41.3
2010-10-14,47.6
2010-10-15,54.6
2010-10-16,48.2
2010-10-17,45.8
2010-10-18,40.0
2010-10-19,41.3
2010-10-20,44.3
2010-10-21,44.0
2010-10-22,41.3
2010-10-23,44.9
2010-10-24,44.9
2010-10-25,36.6
2010-10-26,28.9
2010-10-27,30.4
2010-10-28,40.0
2010-10-29,53.4
2010-10-30,53.1
2010-10-31,43.0
2010-11-01,41.1
2010-11-02,44.7
2010-11-03,40.6
2010-11-04,36.4
2010-11-05,48.3
2010-11-06,54.4
2010-11-07,44.5
2010-11-08,49.9
2010-11-09,31.3
2010-11-10,28.5
2010-11-11,23.9
2010-11-12,26.3
2010-11-13,26.2
2010-11-14,28.0
2010-11-15,30.0
2010-11-16,31.2
2010-11-17,30.5
2010-11-18,43.0
2010-11-19,44.6
2010-11-20,46.9
2010-11-21,34.2
2010-11-22,23.4
2010-11-23,30.3
2010-11-24,15.8
2010-11-25,15.6
2010-11-26,29.9
2010-11-27,37.7
2010-11-28,32.4
2010-11-29,20.1
2010-11-30,24.6
2010-12-02,42.2
2010-12-03,44.8
2010-12-04,31.3
2010-12-05,28.8
2010-12-06,34.3
2010-12-07,34.3
2010-12-08,40.4
2010-12-09,39.6
2010-12-10,35.9
2010-12-11,25.2
2010-12-12,34.8
2010-12-13,45.8
2010-12-14,46.3
2010-12-15,34.1
2010-12-16,20.2
2010-12-17,15.7
2010-12-18,29.7
2010-12-19,36.5
2010-12-20,33.9
2010-12-21,25.0
2010-12-22,25.1
2010-12-23,32.9
2010-12-24,24.4
2010-12-25,24.1
2010-12-26,35.4
2010-12-27,31.4
2010-12-28,31.7
2010-12-29,35.5
2010-12-30,17.5
2010-12-31,1.5
2011-01-01,6.6
2011-01-02,20.5
2011-01-03,24.5
2011-01-04,26.9
2011-01-05,27.8
2011-01-06,35.8
2011-01-07,37.2
2011-01-08,37.6
2011-01-09,18.9
2011-01-10,3.5
2011-01-11,11.7
2011-01-12,24.0
2011-01-13,36.0
2011-01-14,36.4
2011-01-15,35.6
2011-01-16,37.2
2011-01-17,38.5
2011-01-18,33.3
2011-01-19,25.3
2011-01-20,18.6
2011-01-21,29.6
2011-01-22,27.4
2011-01-23,26.8
2011-01-24,23.4
2011-01-25,28.5
2011-01-26,29.9
2011-01-27,39.5
2011-01-28,43.6
2011-01-29,37.7
2011-01-30,34.4
2011-01-31,10.6
2011-02-01,-12.1
2011-02-02,-11.9
2011-02-03,10.0
2011-02-04,22.9
2011-02-05,25.9
2011-02-06,15.5
2011-02-07,21.5
2011-02-08,-0.4
2011-02-09,1.9
2011-02-10,19.7
2011-02-11,27.7
2011-02-12,36.0
2011-02-13,43.4
2011-02-14,36.0
2011-02-15,44.8
2011-02-16,44.6
2011-02-17,28.3
2011-02-18,30.3
2011-02-19,39.3
2011-02-20,28.1
2011-02-21,26.6
2011-02-22,31.6
2011-02-23,30.9
2011-02-24,24.4
2011-02-25,18.3
2011-02-26,31.1
2011-02-27,33.5
2011-02-28,36.0
2011-03-28,31.4
2011-03-30,37.0
2011-03-31,45.6
2011-04-27,34.6
2011-04-28,44.2
2011-04-29,37.0
2011-04-30,29.7
2011-05-01,28.7
2011-05-02,29.8
2011-05-03,44.4
2011-05-04,42.9
2011-05-05,46.0
2011-05-06,56.0
2011-05-07,54.9
2011-05-08,55.7
2011-05-09,55.9
2011-05-10,48.5
2011-05-11,34.6
2011-05-12,39.7
2011-05-13,48.8
2011-05-14,33.3
2011-05-15,34.8
2011-05-16,46.1
2011-05-17,43.0
2011-05-18,36.0
2011-05-19,35.2
2011-05-20,39.8
2011-05-21,46.0
2011-05-22,54.8
2011-05-23,50.1
2011-05-24,42.9
2011-05-25,48.6
2011-05-26,51.3
2011-05-27,47.5
2011-05-28,45.0
2011-05-29,52.3
2011-05-30,46.6
2011-05-31,52.3
2011-06-01,55.6
2011-06-02,59.6
2011-06-03,53.8
2011-06-04,54.6
2011-06-05,60.8
2011-06-06,61.8
2011-06-07,62.1
2011-06-08,55.1
2011-06-09,51.8
2011-06-10,53.2
2011-06-11,55.2
2011-06-12,58.6
2011-06-13,57.2
2011-06-14,57.6
2011-06-15,58.1
2011-06-16,61.4
2011-06-17,53.1
2011-06-18,54.9
2011-06-19,52.1
2011-06-20,51.2
2011-06-21,57.1
2011-06-22,58.6
2011-06-23,59.1
2011-06-24,62.7
2011-06-25,64.0
2011-06-26,65.1
2011-06-27,57.3
2011-06-28,66.0
2011-06-29,65.6
2011-06-30,61.3
2011-07-14,64.9
2011-07-15,64.8
2011-07-16,63.8
2011-07-17,62.9
2011-07-18,65.0
2011-07-19,69.0
2011-07-20,69.8
2011-07-21,64.7
2011-07-22,66.6
2011-07-23,68.2
2011-07-24,68.1
2011-07-25,67.7
2011-07-26,67.8
2011-07-27,67.2
2011-07-28,61.9
2011-07-29,63.5
2011-07-30,66.6
2011-07-31,67.0
2011-08-01,70.6
2011-08-02,67.9
2011-08-03,64.6
2011-08-04,65.3
2011-08-05,67.4
2011-08-06,64.4
2011-08-07,65.5
2011-08-08,67.1
2011-08-09,64.5
2011-08-10,61.2
2011-08-11,63.2
2011-08-12,62.3
2011-08-13,63.0
2011-08-14,63.3
2011-08-15,69.8
2011-08-16,64.6
2011-08-17,64.9
2011-08-18,66.0
2011-08-19,65.3
2011-08-20,64.2
2011-08-21,64.3
2011-08-22,67.8
2011-08-23,71.1
2011-08-24,68.2
2011-08-25,66.0
2011-08-26,64.5
2011-08-27,63.7
2011-08-28,62.6
2011-08-29,62.1
2011-08-30,67.5
2011-08-31,69.7
2011-09-26,61.2
2011-09-27,57.2
2011-09-29,53.4
2011-09-30,52.2
2011-10-01,55.6
2011-10-02,58.0
2011-10-03,55.0
2011-10-04,54.1
2011-10-05,54.3
2011-10-06,44.4
2011-10-07,40.8
2011-10-08,34.1
2011-10-09,36.6
2011-10-10,42.8
2011-10-11,45.6
2011-10-12,48.1
2011-10-13,54.2
2011-10-14,55.4
2011-10-15,60.8
2011-10-16,55.8
2011-10-17,45.5
2011-10-18,40.2
2011-10-19,36.4
2011-10-20,50.7
2011-10-21,51.3
2011-10-22,49.7
2011-10-23,54.2
2011-10-24,54.1
2011-10-25,43.7
2011-10-26,22.4
2011-10-27,17.7
2011-10-28,32.8
2011-10-29,41.2
2011-10-30,44.6
2011-10-31,49.4
2011-11-01,34.0
2011-11-02,21.4
2011-11-03,20.9
2011-11-05,33.5
2011-11-06,26.7
2011-11-07,24.6
2011-11-08,25.4
2011-11-09,30.5
2011-11-10,39.4
2011-11-11,43.4
2011-11-12,37.4
2011-11-13,35.5
2011-11-14,34.8
2011-11-15,32.8
2011-11-16,27.7
2011-11-17,38.0
2011-11-18,42.5
2011-11-19,29.0
2011-11-20,33.2
2011-11-21,38.5
2011-11-22,37.8
2011-11-23,42.0
2011-11-24,47.9
2011-11-25,36.9
2011-11-26,24.5
2011-11-27,45.4
2011-11-28,45.9
2011-11-29,37.9
2011-11-30,40.9
2011-12-22,11.1
2011-12-23,13.1
2011-12-24,18.0
2011-12-25,21.1
2011-12-26,37.4
2011-12-27,35.8
2011-12-28,38.7
2011-12-29,39.5
2011-12-30,41.8
2011-12-31,29.6
2012-01-01,32.4
2012-01-02,36.6
2012-01-03,43.7
2012-01-04,45.1
2012-01-05,43.5
2012-01-06,34.2
2012-01-07,23.4
2012-01-08,14.1
2012-01-09,23.3
2012-01-10,33.2
2012-01-11,19.4
2012-01-12,23.2
2012-01-13,29.6
2012-01-14,38.8
2012-01-15,40.2
2012-01-16,29.0
2012-01-17,14.6
2012-01-18,30.3
2012-01-19,40.3
2012-01-20,37.2
2012-01-21,41.7
2012-01-22,29.8
2012-01-23,31.0
2012-01-24,25.5
2012-01-25,37.7
2012-01-26,36.9
2012-01-27,26.5
2012-01-28,26.4
2012-01-29,36.7
2012-01-30,39.6
2012-01-31,33.5
2012-03-01,24.1
2012-03-02,15.7
2012-03-03,25.9
2012-03-04,36.9
2012-03-05,44.2
2012-03-06,46.4
2012-03-07,26.2
2012-03-08,28.6
2012-03-09,32.2
2012-03-10,37.7
2012-03-11,38.9
2012-03-12,45.9
2012-03-13,49.3
2012-03-14,50.4
2012-03-15,48.7
2012-03-16,47.8
2012-03-17,50.7
2012-03-18,39.4
2012-03-19,28.7
2012-03-20,31.6
2012-03-21,39.4
2012-03-22,41.4
2012-03-23,49.0
2012-03-24,50.0
2012-03-25,45.7
2012-03-26,46.2
2012-03-27,47.1
2012-03-28,46.4
2012-03-29,51.2
2012-03-30,53.6
2012-03-31,58.4
2012-04-01,60.1
2012-04-02,36.0
2012-04-03,29.5
2012-04-04,39.4
2012-04-05,45.8
2012-04-06,44.0
2012-04-07,38.9
2012-04-08,47.0
2012-04-09,45.3
2012-04-10,47.0
2012-04-11,45.8
2012-04-12,45.5
2012-04-13,42.0
2012-04-14,36.6
2012-04-15,33.1
2012-04-16,37.8
2012-04-17,45.8
2012-04-18,48.0
2012-04-19,44.5
2012-04-20,46.1
2012-04-21,55.9
2012-04-22,50.1
2012-04-23,53.1
2012-04-24,56.1
2012-04-25,53.8
2012-04-26,55.3
2012-04-27,45.9
2012-04-28,39.2
2012-04-29,40.7
2012-04-30,49.0
2012-05-01,55.7
2012-05-02,51.8
2012-05-03,54.7
2012-05-04,61.6
2012-05-05,60.9
2012-05-06,39.9
2012-05-07,36.2
2012-05-08,41.9
2012-05-09,50.1
2012-05-10,56.7
2012-05-11,36.5
2012-05-12,40.3
2012-05-13,41.4
2012-05-14,47.6
2012-05-15,53.2
2012-05-16,56.3
2012-05-17,59.4
2012-05-18,55.3
2012-05-19,42.6
2012-05-20,47.2
2012-05-21,56.1
2012-05-22,59.9
2012-05-23,48.4
2012-05-24,44.1
2012-05-25,43.6
2012-05-26,57.7
2012-05-27,49.4
2012-05-28,52.8
2012-05-29,51.0
2012-05-30,55.2
2012-05-31,51.3
2012-06-01,59.3
2012-06-02,56.3
2012-06-03,65.2
2012-06-04,64.2
2012-06-05,59.6
2012-06-06,60.4
2012-06-07,62.5
2012-06-08,66.6
2012-06-09,73.4
2012-06-10,59.4
2012-06-11,56.8
2012-06-12,58.6
2012-06-13,63.6
2012-06-14,61.0
2012-06-15,62.0
2012-06-16,58.8
2012-06-17,68.0
2012-06-18,74.3
2012-06-19,74.5
2012-06-20,57.9
2012-06-21,62.9
2012-06-22,70.2
2012-06-23,76.3
2012-06-24,75.3
2012-06-25,73.0
2012-06-26,74.9
2012-06-27,71.4
2012-06-28,63.6
2012-06-29,70.5
2012-06-30,68.6
2012-07-01,70.4
2012-07-02,66.4
2012-07-03,65.4
2012-07-04,70.9
2012-07-05,67.2
2012-07-06,63.0
2012-07-07,57.2
2012-07-08,58.8
2012-07-09,60.4
2012-07-10,61.7
2012-07-11,63.5
2012-07-12,66.2
2012-07-13,66.7
2012-07-14,65.5
2012-07-15,68.0
2012-07-16,64.5
2012-07-17,66.8
2012-07-18,66.4
2012-07-19,64.8
2012-07-20,69.0
2012-07-21,68.1
2012-07-22,64.5
2012-07-23,66.8
2012-07-24,65.3
2012-07-25,64.2
2012-07-26,62.9
2012-07-27,63.0
2012-07-28,65.5
2012-07-29,62.1
2012-07-30,60.2
2012-07-31,66.5
2012-08-01,67.9
2012-08-02,67.7
2012-08-03,69.6
2012-08-04,59.4
2012-08-05,63.5
2012-08-06,67.6
2012-08-07,64.9
2012-08-08,63.8
2012-08-09,64.1
2012-08-10,65.9
2012-08-11,67.3
2012-08-12,60.7
2012-08-13,58.4
2012-08-14,63.2
2012-08-15,66.1
2012-08-16,54.7
2012-08-17,58.6
2012-08-18,57.4
2012-08-19,57.1
2012-08-20,56.4
2012-08-21,58.8
2012-08-22,61.2
2012-08-23,58.7
2012-08-24,60.0
2012-08-25,62.2
2012-08-26,60.5
2012-08-27,63.0
2012-08-28,62.8
2012-08-29,67.0
2012-08-30,62.8
2012-08-31,64.4
2012-09-01,65.5
2012-09-02,67.6
2012-09-03,60.4
2012-09-04,61.5
2012-09-05,59.8
2012-09-06,59.4
2012-09-07,51.1
2012-09-08,52.0
2012-09-09,56.8
2012-09-10,65.2
2012-09-11,57.4
2012-09-12,48.7
2012-09-13,49.8
2012-09-14,50.3
2012-09-15,55.1
2012-09-16,56.5
2012-09-17,49.2
2012-09-18,53.3
2012-09-19,59.1
2012-09-20,53.1
2012-09-21,52.2
2012-09-22,52.5
2012-09-23,56.3
2012-09-24,57.1
2012-09-25,46.9
2012-09-26,47.0
2012-09-27,45.4
2012-09-28,47.4
2012-09-29,49.6
2012-09-30,53.5
2012-10-01,50.7
2012-10-02,57.5
2012-10-03,56.0
2012-10-04,32.0
2012-10-05,30.6
2012-10-06,28.4
2012-10-07,32.4
2012-10-08,51.5
2012-10-09,42.2
2012-10-10,43.9
2012-10-11,45.3
2012-10-12,46.0
2012-10-13,45.3
2012-10-14,49.1
2012-10-15,55.7
2012-10-16,53.2
2012-10-17,39.5
2012-10-18,44.8
2012-10-19,53.5
2012-10-20,55.3
2012-10-21,49.9
2012-10-22,48.0
2012-10-23,54.0
2012-10-24,35.9
2012-10-25,24.3
2012-10-26,23.8
2012-10-27,33.8
2012-10-28,44.1
2012-10-29,49.6
2012-10-30,51.9
2012-10-31,50.4
2012-11-01,43.6
2012-11-02,39.3
2012-11-03,39.4
2012-11-04,47.3
2012-11-05,46.4
2012-11-06,50.2
2012-11-07,50.9
2012-11-08,44.9
2012-11-09,45.8
2012-11-10,31.7
2012-11-11,18.4
2012-11-12,30.2
2012-11-13,35.4
2012-11-14,40.9
2012-11-15,30.9
2012-11-16,39.7
2012-11-17,41.8
2012-11-18,42.0
2012-11-19,42.4
2012-11-20,48.3
2012-11-21,50.2
2012-11-22,42.6
2012-11-23,37.0
2012-11-24,47.7
2012-11-25,43.4
2012-11-26,28.2
2012-11-27,43.1
2012-11-28,44.8
2012-11-29,46.0
2012-11-30,46.8
2012-12-01,46.3
2012-12-02,47.8
2012-12-03,38.9
2012-12-04,41.0
2012-12-05,46.7
2012-12-06,36.7
2012-12-07,32.9
2012-12-08,26.8
2012-12-09,12.1
2012-12-10,18.3
2012-12-11,21.7
2012-12-12,34.7
2012-12-13,36.0
2012-12-14,27.6
2012-12-15,32.4
2012-12-16,26.4
2012-12-17,29.4
2012-12-18,23.6
2012-12-19,13.7
2012-12-20,25.7
2012-12-21,33.6
2012-12-22,39.0
2012-12-23,33.8
2012-12-24,28.1
2012-12-25,8.5
2012-12-26,19.1
2012-12-27,18.2
2012-12-28,15.4
2012-12-29,17.1
2012-12-30,27.6
2012-12-31,12.5
2013-01-01,13.4
2013-01-02,16.1
2013-01-03,13.2
2013-01-04,19.1
2013-01-05,20.2
2013-01-06,27.3
2013-01-07,38.0
2013-01-08,33.3
2013-01-09,38.6
2013-01-10,29.8
2013-01-11,18.8
2013-01-12,7.1
2013-01-13,-1.0
2013-01-14,-1.0
2013-01-15,20.1
2013-01-16,31.8
2013-01-17,27.7
2013-01-18,37.8
2013-01-19,39.2
2013-01-20,33.8
2013-01-21,36.5
2013-01-22,43.1
2013-01-23,47.2
2013-01-24,43.2
2013-01-25,42.6
2013-01-26,41.2
2013-01-27,37.1
2013-01-28,31.3
2013-01-29,15.7
2013-01-30,21.8
2013-01-31,30.3
2013-02-01,32.1
2013-02-02,36.3
2013-02-03,38.5
2013-02-04,35.2
2013-02-05,39.6
2013-02-06,36.8
2013-02-07,26.5
2013-02-08,24.1
2013-02-09,21.4
2013-02-10,20.8
2013-02-11,13.2
2013-02-12,23.8
2013-02-13,28.3
2013-02-14,23.3
2013-02-15,21.6
2013-02-16,35.2
2013-02-17,36.6
2013-02-18,23.0
2013-02-19,24.5
2013-02-20,21.1
2013-02-21,16.3
2013-02-22,21.4
2013-02-23,26.0
2013-02-24,17.9
2013-02-25,18.3
2013-02-26,24.1
2013-02-27,23.1
2013-02-28,25.6
2013-03-01,34.7
2013-03-02,40.8
2013-03-03,42.4
2013-03-04,25.4
2013-03-05,30.8
2013-03-06,42.1
2013-03-07,44.3
2013-03-08,31.2
2013-03-09,25.7
2013-03-10,29.6
2013-03-11,33.1
2013-03-12,31.4
2013-03-13,45.0
2013-03-14,49.7
2013-03-15,53.7
2013-03-16,40.9
2013-03-17,33.6
2013-03-18,28.3
2013-03-19,32.2
2013-03-20,33.5
2013-03-21,36.5
2013-03-22,26.2
2013-03-23,12.1
2013-03-24,8.6
2013-03-25,16.0
2013-03-26,30.4
2013-03-27,36.6
2013-03-28,37.8
2013-03-29,40.9
2013-03-30,43.0
2013-03-31,42.1
2013-04-01,34.0
2013-04-02,31.8
2013-04-03,37.9
2013-04-04,47.5
2013-04-05,45.2
2013-04-06,44.0
2013-04-07,41.3
2013-04-08,39.0
2013-04-09,14.5
2013-04-10,15.1
2013-04-11,37.7
2013-04-12,36.3
2013-04-13,38.8
2013-04-14,29.5
2013-04-15,22.3
2013-04-16,21.7
2013-04-17,18.5
2013-04-18,13.9
2013-04-19,31.3
2013-04-20,37.0
2013-04-21,38.3
2013-04-22,27.4
2013-04-23,20.5
2013-04-24,31.4
2013-04-25,42.0
2013-04-26,42.0
2013-04-27,46.3
2013-04-28,52.6
2013-04-29,55.9
2013-04-30,46.5
2013-05-06,45.1
2013-05-07,48.4
2013-05-08,41.6
2013-05-09,38.6
2013-05-10,44.2
2013-05-11,46.0
2013-05-12,57.3
2013-05-13,62.6
2013-05-14,60.3
2013-05-15,54.6
2013-05-16,57.5
2013-05-17,58.1
2013-05-18,51.3
2013-05-19,49.6
2013-05-20,47.4
2013-05-21,48.4
2013-05-22,50.4
2013-05-23,50.1
2013-05-24,56.8
2013-05-25,58.5
2013-05-26,57.4
2013-05-27,59.8
2013-05-28,54.0
2013-05-29,47.4
2013-05-30,48.4
2013-05-31,50.3
2013-06-01,50.2
2013-06-02,55.4
2013-06-03,58.4
2013-06-04,52.3
2013-06-05,48.5
2013-06-06,51.8
2013-06-07,55.9
2013-06-08,62.0
2013-06-09,64.7
2013-06-10,70.7
2013-06-11,68.6
2013-06-12,68.2
2013-06-13,65.4
2013-06-14,64.3
2013-06-15,59.3
2013-06-16,58.2
2013-06-17,57.5
2013-06-18,59.4
2013-06-19,65.0
2013-06-20,61.8
2013-06-21,64.3
2013-06-22,62.0
2013-06-23,58.7
2013-06-24,63.7
2013-06-25,67.8
2013-06-26,66.9
2013-06-27,71.1
2013-06-28,68.7
2013-06-29,62.8
2013-06-30,59.6
2013-07-25,59.8
2013-07-26,63.3
2013-07-27,58.4
2013-07-28,58.2
2013-07-29,60.6
2013-07-30,64.0
2013-07-31,61.7
2013-08-01,59.2
2013-08-02,72.1
2013-08-03,68.2
2013-08-04,63.2
2013-08-05,65.3
2013-08-06,67.0
2013-08-07,57.0
2013-08-08,55.1
2013-08-09,53.5
2013-08-10,60.0
2013-08-11,56.2
2013-08-12,51.8
2013-08-13,53.1
2013-08-14,56.8
2013-08-15,61.7
2013-08-16,54.3
2013-08-17,55.7
2013-08-18,67.2
2013-08-19,67.5
2013-08-20,66.8
2013-08-21,67.1
2013-08-22,59.5
2013-08-23,64.3
2013-08-24,61.6
2013-08-25,61.3
2013-08-26,65.7
2013-08-27,63.3
2013-08-28,64.5
2013-08-29,62.6
2013-08-30,62.2
2013-08-31,64.5
2013-09-16,54.1
2013-09-17,61.4
2013-09-18,55.1
2013-09-19,49.7
2013-09-20,47.9
2013-09-21,56.9
2013-09-22,49.7
2013-09-23,49.0
2013-09-24,55.7
2013-09-25,63.0
2013-09-26,49.2
2013-09-27,42.2
2013-09-28,49.6
2013-09-29,54.8
2013-10-01,52.3
2013-10-02,49.7
2013-10-03,46.2
2013-10-04,33.9
2013-10-05,38.8
2013-10-06,50.2
2013-10-07,57.5
2013-10-08,57.2
2013-10-09,48.3
2013-10-10,43.0
2013-10-11,41.9
2013-10-12,38.0
2013-10-13,40.8
2013-10-14,40.1
2013-10-15,30.3
2013-10-16,34.3
2013-10-17,36.1
2013-10-18,31.1
2013-10-19,42.7
2013-10-20,37.5
2013-10-21,35.4
2013-10-22,49.6
2013-10-23,47.8
2013-10-24,38.2
2013-10-25,40.3
2013-10-26,38.3
2013-10-27,48.4
2013-10-28,30.4
2013-10-29,33.6
2013-10-30,35.4
2013-10-31,35.1
2013-11-01,37.0
2013-11-02,47.8
2013-11-03,46.9
2013-11-04,29.0
2013-11-05,26.3
2013-11-06,31.6
2013-11-07,42.8
2013-11-08,47.8
2013-11-09,42.7
2013-11-10,45.1
2013-11-11,42.8
2013-11-12,36.9
2013-11-13,49.0
2013-11-14,42.7
2013-11-15,40.2
2013-11-16,33.8
2013-11-17,33.3
2013-11-18,38.0
2013-11-19,42.3
2013-11-20,40.1
2013-11-21,13.4
2013-11-22,17.3
2013-11-23,20.1
2013-11-24,25.9
2013-11-25,30.3
2013-11-26,26.6
2013-11-27,40.1
2013-11-28,28.7
2013-11-29,39.9
2013-11-30,39.0
2013-12-01,37.2
2013-12-02,37.9
2013-12-03,27.9
2013-12-04,0.5
2013-12-05,-4.4
2013-12-06,-4.3
2013-12-07,3.4
2013-12-08,7.7
2013-12-09,6.5
2013-12-10,21.8
2013-12-11,28.4
2013-12-12,41.3
2013-12-13,34.9
2013-12-14,29.0
2013-12-15,36.2
2013-12-16,40.5
2013-12-17,44.3
2013-12-18,46.1
2013-12-19,37.7
2013-12-20,24.2
2013-12-21,22.3
2013-12-22,19.6
2013-12-23,26.3
2013-12-24,29.1
2013-12-25,29.3
2013-12-26,36.0
2013-12-27,37.8
2013-12-28,33.9
2013-12-29,21.4
2013-12-30,30.3
2013-12-31,35.6
2014-01-01,26.9
2014-01-02,35.2
2014-01-03,39.4
2014-01-04,12.0
2014-01-05,3.3
2014-01-06,22.0
2014-01-07,32.1
2014-01-08,27.5
2014-01-09,29.9
2014-01-10,24.2
2014-01-11,38.1
2014-01-12,28.0
2014-01-13,26.0
2014-01-14,31.7
2014-01-15,35.4
2014-01-16,34.6
2014-01-17,34.7
2014-01-18,39.3
2014-01-19,41.5
2014-01-20,37.3
2014-01-21,41.4
2014-01-22,18.6
2014-01-23,16.3
2014-01-24,37.4
2014-01-25,42.9
2014-01-26,33.3
2014-01-27,8.4
2014-01-28,13.7
2014-01-29,32.3
2014-01-30,28.8
2014-01-31,18.8
2014-02-01,13.1
2014-02-02,13.8
2014-02-03,20.9
2014-02-04,5.9
2014-02-05,-9.1
2014-02-06,10.3
2014-02-07,26.0
2014-02-08,31.5
2014-02-09,29.7
2014-02-10,28.6
2014-02-11,28.3
2014-02-12,32.1
2014-02-13,39.0
2014-02-14,37.1
2014-02-15,45.6
2014-02-16,40.9
2014-02-17,34.8
2014-02-18,39.9
2014-02-19,36.7
2014-02-20,19.8
2014-02-21,27.5
2014-02-22,28.2
2014-02-23,34.5
2014-02-24,39.1
2014-02-25,3.6
2014-02-26,29.6
2014-02-27,40.4
2014-02-28,38.6
2014-03-01,20.8
2014-03-02,32.6
2014-03-03,38.1
2014-03-04,38.1
2014-03-05,34.0
2014-03-06,44.5
2014-03-07,31.3
2014-03-08,31.4
2014-03-09,46.8
2014-03-10,49.4
2014-03-11,31.1
2014-03-12,27.4
2014-03-13,40.8
2014-03-14,39.8
2014-03-15,33.3
2014-03-16,39.1
2014-03-17,41.5
2014-03-18,27.1
2014-03-19,30.9
2014-03-20,41.3
2014-03-21,35.2
2014-03-22,19.4
2014-03-23,29.2
2014-03-24,30.6
2014-03-25,37.6
2014-03-26,43.0
2014-03-27,34.9
2014-03-28,32.0
2014-03-29,42.3
2014-03-30,46.2
2014-03-31,34.8
2014-04-01,34.1
2014-04-02,33.7
2014-04-03,30.5
2014-04-04,31.9
2014-04-05,35.7
2014-04-06,34.2
2014-04-07,35.4
2014-04-08,48.1
2014-04-09,54.0
2014-04-10,50.4
2014-04-11,48.5
2014-04-12,52.7
2014-04-13,23.9
2014-04-14,22.6
2014-04-15,41.1
2014-04-16,38.0
2014-04-21,47.3
2014-04-22,47.4
2014-04-23,46.9
2014-04-24,43.4
2014-04-25,50.2
2014-04-26,51.8
2014-04-27,38.6
2014-04-28,35.3
2014-04-29,34.6
2014-04-30,36.1
2014-05-01,41.9
2014-05-02,53.5
2014-05-03,58.7
2014-05-04,58.3
2014-05-05,54.4
2014-05-06,54.9
2014-05-07,43.2
2014-05-08,39.0
2014-05-09,42.5
2014-05-10,43.3
2014-05-11,31.2
2014-05-12,26.8
2014-05-13,29.1
2014-05-14,39.0
2014-05-15,40.0
2014-05-16,47.2
2014-05-17,49.0
2014-05-18,56.1
2014-05-19,55.8
2014-05-20,54.2
2014-05-21,50.0
2014-05-22,52.2
2014-05-23,49.9
2014-05-24,49.8
2014-05-25,46.6
2014-05-28,41.9
2014-05-29,52.3
2014-05-30,52.7
2014-05-31,57.4
2014-06-01,59.4
2014-06-02,59.2
2014-06-03,62.2
2014-06-04,57.8
2014-06-05,54.6
2014-06-06,54.3
2014-06-07,50.9
2014-06-08,47.0
2014-06-09,50.5
2014-06-10,59.4
2014-06-11,57.5
2014-06-12,54.5
2014-06-13,60.6
2014-06-14,53.7
2014-06-15,52.8
2014-06-16,59.1
2014-06-17,59.6
2014-06-18,56.4
2014-06-19,56.4
2014-06-20,59.0
2014-06-21,58.5
2014-06-22,58.1
2014-06-23,55.9
2014-06-24,58.7
2014-06-25,62.0
2014-06-26,65.5
2014-06-27,61.9
2014-06-28,60.6
2014-06-29,65.0
2014-06-30,65.1
2014-07-01,56.0
2014-07-02,60.4
2014-07-03,62.1
2014-07-04,61.7
2014-07-05,64.4
2014-07-06,67.4
2014-07-07,68.1
2014-07-08,61.9
2014-07-09,65.6
2014-07-10,72.2
2014-07-11,66.0
2014-07-12,60.3
2014-07-13,59.6
2014-07-14,59.6
2014-07-15,58.6
2014-07-16,55.0
2014-07-17,55.7
2014-07-18,60.7
2014-07-19,65.4
2014-07-20,66.5
2014-07-21,68.4
2014-07-22,67.3
2014-07-23,64.4
2014-07-24,72.5
2014-07-25,71.0
2014-07-26,67.7
2014-07-27,59.2
2014-07-28,61.7
2014-07-29,56.9
2014-07-30,62.9
2014-07-31,56.2
2014-08-01,60.6
2014-08-02,65.7
2014-08-03,61.2
2014-08-04,59.1
2014-08-05,58.3
2014-08-06,64.0
2014-08-07,58.7
2014-08-08,58.0
2014-08-09,59.1
2014-08-10,56.0
2014-08-11,58.5
2014-08-12,61.7
2014-08-13,62.0
2014-08-14,63.1
2014-08-15,64.1
2014-08-16,67.8
2014-08-17,63.8
2014-08-18,61.4
2014-08-19,61.5
2014-08-20,64.8
2014-08-21,64.3
2014-08-22,58.8
2014-08-23,57.2
2014-08-24,59.2
2014-08-25,56.7
2014-08-26,55.0
2014-08-27,57.1
2014-08-28,56.8
2014-08-29,58.0
2014-08-30,56.3
2014-08-31,54.6
2014-09-01,54.4
2014-09-02,58.3
2014-09-03,63.0
2014-09-04,57.6
2014-09-05,48.8
2014-09-06,52.7
2014-09-07,56.3
2014-09-08,56.9
2014-09-09,57.0
2014-09-10,54.4
2014-09-11,44.8
2014-09-12,34.8
2014-09-13,52.9
2014-09-14,53.8
2014-09-15,52.7
2014-09-16,57.4
2014-09-17,55.8
2014-09-20,65.1
2014-09-21,56.0
2014-09-22,54.1
2014-09-23,57.2
2014-09-24,58.0
2014-09-25,58.2
2014-09-26,60.6
2014-09-27,58.4
2014-09-28,49.5
2014-09-29,48.4
2014-09-30,47.3
2014-10-01,45.6
2014-10-02,44.2
2014-10-03,44.6
2014-10-04,54.9
2014-10-05,55.0
2014-10-06,58.8
2014-10-07,57.5
2014-10-08,50.4
2014-10-09,43.5
2014-10-10,43.1
2014-10-11,49.4
2014-10-12,44.1
2014-10-13,41.4
2014-10-14,49.3
2014-10-15,58.6
2014-10-16,54.6
2014-10-17,41.0
2014-10-18,44.1
2014-10-19,46.1
2014-10-20,46.9
2014-10-21,49.2
2014-10-22,49.3
2014-10-23,52.5
2014-10-24,55.4
2014-10-25,56.0
2014-10-26,57.4
2014-10-27,37.0
2014-10-28,42.4
2014-10-29,49.3
2014-10-30,43.6
2014-10-31,35.0
2014-11-01,51.0
2014-11-02,44.2
2014-11-03,33.1
2014-11-04,39.2
2014-11-05,43.4
2014-11-06,46.4
2014-11-07,49.8
2014-11-08,44.6
2014-11-09,52.8
2014-11-10,31.0
2014-11-11,4.9
2014-11-12,-6.7
2014-11-13,-0.6
2014-11-14,35.2
2014-11-15,16.4
2014-11-16,13.1
2014-11-17,24.1
2014-11-18,30.4
2014-11-19,36.0
2014-11-20,39.8
2014-11-21,37.6
2014-11-22,39.6
2014-11-23,27.7
2014-11-24,23.3
2014-11-25,29.4
2014-11-26,40.5
2014-11-27,46.5
2014-11-28,49.4
2014-11-29,46.0
2014-11-30,33.9
2014-12-01,29.9
2014-12-02,39.9
2014-12-03,35.9
2014-12-04,43.4
2014-12-05,36.5
2014-12-06,33.4
2014-12-07,41.5
2014-12-08,38.2
2014-12-09,38.1
2014-12-10,38.1
2014-12-11,35.9
2014-12-12,44.0
2014-12-13,37.5
2014-12-14,28.6
2014-12-15,28.0
2014-12-16,28.5
2014-12-17,30.8
2014-12-18,26.5
2014-12-19,30.2
2014-12-20,33.2
2014-12-21,33.4
2014-12-22,24.6
2014-12-23,19.7
2014-12-24,30.8
2014-12-25,27.7
2014-12-26,9.4
2014-12-27,10.3
2014-12-28,19.9
2014-12-29,4.9
2014-12-30,-9.6
2014-12-31,-1.1
2015-01-01,8.1
2015-01-02,20.8
2015-01-03,24.2
2015-01-04,26.4
2015-01-05,38.9
2015-01-06,44.0
2015-01-07,28.3
2015-01-08,40.4
2015-01-09,26.1
2015-01-10,39.0
2015-01-11,34.8
2015-01-12,24.5
2015-01-13,24.2
2015-01-14,26.9
2015-01-15,40.5
2015-01-16,42.3
2015-01-17,35.0
2015-01-18,42.7
2015-01-19,37.7
2015-01-20,27.0
2015-01-21,16.7
2015-01-22,13.0
2015-01-23,27.8
2015-01-24,37.2
2015-01-25,42.0
2015-01-26,49.3
2015-01-27,46.5
2015-01-28,41.5
2015-01-29,31.4
2015-01-30,31.3
2015-01-31,30.6
2015-02-01,24.2
2015-02-02,35.3
2015-02-03,40.4
2015-02-04,26.6
2015-02-05,44.5
2015-02-06,49.5
2015-02-07,49.5
2015-02-08,45.9
2015-02-09,45.7
2015-02-10,36.9
2015-02-11,31.0
2015-02-12,40.1
2015-02-13,44.7
2015-02-14,48.0
2015-02-15,28.8
2015-02-16,17.4
2015-02-17,18.9
2015-02-18,34.2
2015-02-19,43.8
2015-02-20,33.6
2015-02-21,19.2
2015-02-22,3.7
2015-02-23,11.4
2015-02-24,20.4
2015-02-25,28.3
2015-02-26,8.8
2015-02-27,6.9
2015-02-28,11.9
2015-03-01,16.9
2015-03-02,33.3
2015-03-03,18.9
2015-03-04,10.8
2015-03-05,27.3
2015-03-06,36.3
2015-03-07,32.9
2015-03-08,31.4
2015-03-09,33.5
2015-03-10,39.3
2015-03-11,40.9
2015-03-12,46.6
2015-03-13,38.6
2015-03-14,41.0
2015-03-15,55.8
2015-03-16,55.4
2015-03-17,39.5
2015-03-18,43.5
2015-03-19,34.5
2015-03-20,35.3
2015-03-21,41.7
2015-03-22,44.3
2015-03-23,40.9
2015-03-24,38.1
2015-03-25,32.4
2015-03-26,40.6
2015-03-27,49.1
2015-03-28,54.6
2015-03-29,47.3
2015-03-30,50.8
2015-03-31,47.6
2015-04-01,49.5
2015-04-02,28.9
2015-04-03,26.0
2015-04-04,36.5
2015-04-05,44.9
2015-04-06,52.9
2015-04-07,45.7
2015-04-08,40.7
2015-04-09,36.9
2015-04-10,36.3
2015-04-11,39.5
2015-04-12,45.7
2015-04-13,43.8
2015-04-14,46.3
2015-04-15,39.4
2015-04-16,31.4
2015-04-17,33.7
2015-04-18,32.6
2015-04-19,34.7
2015-04-20,35.0
2015-04-21,40.0
2015-04-22,41.1
2015-04-23,48.3
2015-04-24,44.1
2015-04-25,45.5
2015-04-26,36.7
2015-04-27,36.4
2015-04-28,40.9
2015-04-29,49.7
2015-04-30,53.4
2015-05-15,45.1
2015-05-16,42.1
2015-05-17,46.3
2015-05-18,40.6
2015-05-19,35.7
2015-05-20,35.5
2015-05-21,42.6
2015-05-22,43.2
2015-05-23,42.9
2015-05-24,41.7
2015-05-25,44.1
2015-05-26,47.8
2015-05-27,53.2
2015-05-28,51.8
2015-05-29,47.9
2015-05-30,51.0
2015-05-31,59.8
2015-06-01,59.4
2015-06-02,60.4
2015-06-03,55.6
2015-06-04,58.8
2015-06-05,53.8
2015-06-06,56.4
2015-06-07,55.7
2015-06-08,57.2
2015-06-09,61.1
2015-06-10,57.1
2015-06-11,53.3
2015-06-12,56.7
2015-06-13,56.6
2015-06-14,56.5
2015-06-15,53.0
2015-06-16,55.6
2015-06-17,59.8
2015-06-18,60.5
2015-06-19,67.3
2015-06-20,64.5
2015-06-21,67.4
2015-06-22,64.5
2015-06-23,65.5
2015-06-24,62.4
2015-06-25,68.7
2015-06-26,62.4
2015-06-27,62.8
2015-06-28,60.8
2015-06-29,63.4
2015-06-30,63.4
2015-07-01,62.5
2015-07-02,59.5
2015-07-03,60.0
2015-07-04,64.2
2015-07-05,61.6
2015-07-06,54.6
2015-07-07,54.0
2015-07-08,52.0
2015-07-09,55.7
2015-07-10,61.5
2015-07-11,63.5
2015-07-12,66.4
2015-07-13,65.3
2015-07-14,60.6
2015-07-15,61.1
2015-07-16,63.9
2015-07-17,67.6
2015-07-18,58.8
2015-07-19,59.1
2015-07-20,59.1
2015-07-21,59.4
2015-07-22,63.3
2015-07-23,65.6
2015-07-24,64.9
2015-07-25,71.0
2015-07-26,70.2
2015-07-27,74.7
2015-07-28,67.7
2015-07-29,61.1
2015-07-30,64.6
2015-07-31,67.9
2015-08-01,65.9
2015-08-02,67.7
2015-08-03,62.4
2015-08-04,62.5
2015-08-05,64.9
2015-08-06,67.4
2015-08-07,64.2
2015-08-08,64.4
2015-08-09,64.1
2015-08-10,61.0
2015-08-11,61.1
2015-08-12,67.1
2015-08-13,64.3
2015-08-14,65.0
2015-08-15,69.4
2015-08-16,62.0
2015-08-17,59.5
2015-08-18,52.5
2015-08-19,48.9
2015-08-20,58.1
2015-08-21,62.0
2015-08-22,64.2
2015-08-23,53.8
2015-08-24,61.5
2015-08-25,65.0
2015-08-26,64.1
2015-08-27,65.4
2015-08-28,62.1
2015-08-29,61.2
2015-08-30,66.5
2015-08-31,65.6
2015-09-01,62.6
2015-09-02,69.8
2015-09-03,59.8
2015-09-04,60.9
2015-09-05,68.0
2015-09-06,64.8
2015-09-07,57.0
2015-09-08,57.7
2015-09-09,60.2
2015-09-10,57.5
2015-09-11,53.3
2015-09-12,57.4
2015-09-13,58.2
2015-09-14,59.6
2015-09-15,62.9
2015-09-16,62.7
2015-09-17,58.4
2015-09-18,51.6
2015-09-19,51.4
2015-09-20,56.6
2015-09-21,61.6
2015-09-22,54.8
2015-09-23,57.7
2015-09-24,55.8
2015-09-25,55.9
2015-09-26,57.4
2015-09-27,58.6
2015-09-28,54.1
2015-09-29,55.0
2015-09-30,54.1
2015-10-01,54.3
2015-10-02,50.3
2015-10-03,47.8
2015-10-04,46.5
2015-10-05,51.5
2015-10-06,46.9
2015-10-07,48.3
2015-10-08,48.8
2015-10-09,51.9
2015-10-10,65.8
2015-10-11,65.0
2015-10-12,61.8
2015-10-13,63.1
2015-10-14,61.7
2015-10-15,46.6
2015-10-16,47.1
2015-10-17,48.4
2015-10-18,52.2
2015-10-19,46.7
2015-10-20,49.5
2015-10-21,40.4
2015-10-22,36.2
2015-10-23,42.5
2015-10-24,41.3
2015-10-25,46.1
2015-10-26,46.2
2015-10-27,39.4
2015-10-28,43.9
2015-10-29,37.9
2015-10-30,37.1
2015-10-31,44.9
2015-11-01,51.5
2015-11-02,50.2
2015-11-03,45.7
2015-11-04,35.2
2015-11-05,32.1
2015-11-06,30.5
2015-11-07,30.6
2015-11-08,35.9
2015-11-09,39.2
2015-11-10,43.5
2015-11-11,29.0
2015-11-12,31.1
2015-11-13,39.4
2015-11-14,41.3
2015-11-15,41.1
2015-11-16,35.1
2015-11-17,31.0
2015-11-18,33.4
2015-11-19,36.0
2015-11-20,31.9
2015-11-21,28.3
2015-11-22,41.6
2015-11-23,44.7
2015-11-24,42.8
2015-11-25,29.3
2015-11-26,13.3
2015-11-27,10.2
2015-11-28,15.9
2015-11-29,18.4
2015-11-30,15.1
2015-12-01,23.7
2015-12-02,34.0
2015-12-03,32.7
2015-12-04,39.6
2015-12-05,33.0
2015-12-06,34.5
2015-12-07,43.8
2015-12-08,42.2
2015-12-09,47.4
2015-12-10,43.4
2015-12-11,32.7
2015-12-12,23.5
2015-12-13,22.4
2015-12-14,32.6
2015-12-15,18.3
2015-12-16,17.5
2015-12-17,17.2
2015-12-18,32.4
2015-12-19,44.2
2015-12-20,36.4
2015-12-21,30.8
2015-12-22,30.9
2015-12-23,19.6
2015-12-24,15.3
2015-12-25,17.7
2015-12-26,8.7
2015-12-27,3.4
2015-12-28,13.1
2015-12-29,10.9
2015-12-30,12.0
2015-12-31,6.7
2016-01-01,7.5
2016-01-02,15.7
2016-01-03,31.0
2016-01-04,25.0
2016-01-05,28.4
2016-01-06,32.1
2016-01-07,27.2
2016-01-08,19.5
2016-01-09,15.5
2016-01-10,22.7
2016-01-11,28.4
2016-01-12,32.5
2016-01-13,37.1
2016-01-14,29.8
2016-01-15,23.0
2016-01-16,20.7
2016-01-17,29.8
2016-01-18,35.2
2016-01-19,32.9
2016-01-20,30.5
2016-01-21,29.6
2016-01-22,41.3
2016-01-23,42.1
2016-01-24,32.8
2016-01-25,24.8
2016-01-26,27.5
2016-01-27,37.5
2016-01-28,41.1
2016-01-29,39.8
2016-01-30,38.4
2016-01-31,22.3
2016-02-01,18.1
2016-02-02,12.3
2016-02-03,8.5
2016-02-04,20.5
2016-02-05,23.5
2016-02-06,34.3
2016-02-07,34.6
2016-02-08,40.2
2016-02-09,43.7
2016-02-10,46.6
2016-02-11,46.7
2016-02-12,48.5
2016-02-13,43.4
2016-02-14,36.5
2016-02-15,38.5
2016-02-16,42.0
2016-02-17,49.4
2016-02-18,46.9
2016-02-19,39.9
2016-02-20,43.2
2016-02-21,30.6
2016-02-22,29.1
2016-02-23,23.6
2016-02-24,30.5
2016-02-25,29.4
2016-02-26,44.8
2016-02-27,46.7
2016-02-28,42.2
2016-02-29,38.1
2016-03-01,36.4
2016-03-02,39.9
2016-03-03,42.5
2016-03-04,41.3
2016-03-05,38.6
2016-03-06,46.1
2016-03-07,36.7
2016-03-08,30.3
2016-03-09,31.8
2016-03-10,42.7
2016-03-11,44.5
2016-03-12,42.3
2016-03-13,43.3
2016-03-14,37.6
2016-03-15,26.0
2016-03-16,27.0
2016-03-17,24.2
2016-03-18,16.5
2016-03-19,16.2
2016-03-20,26.8
2016-03-21,49.5
2016-03-22,49.4
2016-03-23,27.9
2016-03-24,32.2
2016-03-25,29.9
2016-03-26,20.3
2016-03-27,30.8
2016-03-28,39.0
2016-03-29,35.4
2016-03-30,30.3
2016-03-31,29.6
2016-04-01,31.1
2016-04-02,42.6
2016-04-03,46.4
2016-04-04,48.6
2016-04-05,39.8
2016-04-06,46.3
2016-04-07,47.1
2016-04-08,41.2
2016-04-09,48.1
2016-04-10,45.3
2016-04-11,39.1
2016-04-12,41.5
2016-04-13,45.5
2016-04-14,50.1
2016-04-15,38.6
2016-04-16,29.1
2016-04-17,27.6
2016-04-18,29.5
2016-04-19,32.1
2016-04-20,39.5
2016-04-21,42.8
2016-04-22,48.7
2016-04-23,46.1
2016-04-24,42.4
2016-04-25,44.9
2016-04-26,35.9
2016-04-27,38.2
2016-04-28,29.2
2016-04-29,29.9
2016-04-30,29.0
2016-05-01,28.5
2016-05-02,36.1
2016-05-03,44.0
2016-05-04,48.3
2016-05-05,52.0
2016-05-06,52.7
2016-05-07,40.3
2016-05-08,42.5
2016-05-09,45.4
2016-05-10,45.6
2016-05-11,43.0
2016-05-12,47.3
2016-05-13,52.5
2016-05-14,40.0
2016-05-15,42.9
2016-05-16,37.0
2016-05-17,35.2
2016-05-18,43.1
2016-05-19,48.9
2016-05-20,55.2
2016-05-21,55.8
2016-05-22,54.8
2016-05-23,48.2
2016-05-24,47.4
2016-05-25,48.7
2016-05-26,43.2
2016-05-27,44.6
2016-05-28,49.1
2016-05-29,51.2
2016-05-30,51.5
2016-05-31,50.1
2016-06-01,53.0
2016-06-02,57.7
2016-06-03,60.0
2016-06-04,58.7
2016-06-05,57.8
2016-06-06,54.6
2016-06-07,56.0
2016-06-08,59.0
2016-06-09,61.6
2016-06-10,64.5
2016-06-11,62.9
2016-06-12,60.4
2016-06-13,53.8
2016-06-14,57.8
2016-06-15,62.6
2016-06-16,68.8
2016-06-17,63.3
2016-06-18,66.2
2016-06-19,65.4
2016-06-20,62.2
2016-06-21,72.1
2016-06-22,65.3
2016-06-23,63.5
2016-06-24,63.9
2016-06-25,65.5
2016-06-26,64.8
2016-06-27,64.6
2016-06-28,65.8
2016-06-29,65.8
2016-06-30,57.5
2016-07-01,59.4
2016-07-02,59.0
2016-07-03,65.9
2016-07-04,69.5
2016-07-05,67.1
2016-07-06,64.9
2016-07-07,64.0
2016-07-08,62.9
2016-07-09,67.6
2016-07-10,72.2
2016-07-11,68.8
2016-07-12,64.6
2016-07-13,65.6
2016-07-14,61.0
2016-07-15,59.7
2016-07-16,65.8
2016-07-17,66.0
2016-07-18,65.3
2016-07-19,72.3
2016-07-20,67.9
2016-07-21,69.4
2016-07-22,70.4
2016-07-23,74.3
2016-07-24,67.2
2016-07-25,66.8
2016-07-26,65.9
2016-07-27,67.5
2016-07-28,63.5
2016-07-29,65.3
2016-07-30,67.0
2016-07-31,61.3
2016-08-01,68.1
2016-08-02,59.9
2016-08-03,65.8
2016-08-04,56.5
2016-08-05,54.9
2016-08-06,58.9
2016-08-07,65.2
2016-08-08,68.5
2016-08-09,66.5
2016-08-10,63.5
2016-08-11,66.4
2016-08-12,57.8
2016-08-13,58.6
2016-08-14,61.1
2016-08-15,60.0
2016-08-16,60.1
2016-08-17,61.4
2016-08-18,56.9
2016-08-19,52.2
2016-08-20,53.3
2016-08-21,48.7
2016-08-22,60.6
2016-08-23,64.3
2016-08-24,54.1
2016-08-25,47.8
2016-08-26,55.5
2016-08-27,57.1
2016-08-28,55.0
2016-08-29,56.6
2016-08-30,58.0
2016-08-31,58.4
2016-09-01,59.9
2016-09-02,59.8
2016-09-03,59.9
2016-09-04,57.9
2016-09-05,58.8
2016-09-06,57.0
2016-09-07,58.6
2016-09-08,59.1
2016-09-09,54.0
2016-09-10,52.6
2016-09-11,67.2
2016-09-12,58.0
2016-09-13,50.5
2016-09-14,53.2
2016-09-15,52.4
2016-09-16,47.7
2016-09-17,53.5
2016-09-18,65.9
2016-09-19,67.5
2016-09-20,60.6
2016-09-21,63.2
2016-09-22,56.6
2016-09-23,54.2
2016-09-24,43.8
2016-09-25,48.0
2016-09-26,48.1
2016-09-27,52.2
2016-09-28,53.4
2016-09-29,55.7
2016-09-30,52.7
2016-10-01,49.1
2016-10-02,52.5
2016-10-03,46.0
2016-10-04,42.2
2016-10-05,44.5
2016-10-06,37.4
2016-10-07,41.1
2016-10-08,50.6
2016-10-09,50.0
2016-10-10,54.3
2016-10-11,48.9
2016-10-12,46.5
2016-10-13,47.4
2016-10-14,61.2
2016-10-15,59.8
2016-10-16,60.7
2016-10-17,50.4
2016-10-18,44.5
2016-10-19,38.6
2016-10-20,39.9
2016-10-21,52.5
2016-10-22,51.9
2016-10-23,43.5
2016-10-24,50.1
2016-10-25,51.5
2016-10-26,52.0
2016-10-27,60.3
2016-10-28,59.3
2016-10-29,53.6
2016-10-30,53.0
2016-10-31,57.5
2016-11-01,50.3
2016-11-02,43.0
2016-11-03,38.0
2016-11-04,38.9
2016-11-05,41.4
2016-11-06,45.9
2016-11-07,45.2
2016-11-08,36.4
2016-11-09,41.0
2016-11-10,40.8
2016-11-11,34.8
2016-11-12,44.0
2016-11-13,47.4
2016-11-14,52.2
2016-11-15,56.7
2016-11-16,56.2
2016-11-17,26.2
2016-11-18,21.4
2016-11-19,43.9
2016-11-20,44.4
2016-11-21,40.7
2016-11-22,35.4
2016-11-23,34.3
2016-11-24,32.0
2016-11-25,36.8
2016-11-26,37.5
2016-11-27,30.6
2016-11-28,27.1
2016-11-29,23.0
2016-11-30,21.8
2016-12-01,24.2
2016-12-02,16.6
2016-12-03,21.1
2016-12-04,31.7
2016-12-05,28.4
2016-12-06,13.5
2016-12-07,2.0
2016-12-08,1.6
2016-12-09,35.0
2016-12-10,40.3
2016-12-11,30.6
2016-12-12,33.3
2016-12-13,28.8
2016-12-14,22.7
2016-12-15,43.3
2016-12-16,32.5
2016-12-17,-0.7
2016-12-18,16.1
2016-12-19,29.7
2016-12-20,39.9
2016-12-21,33.4
2016-12-22,25.1
2016-12-23,32.0
2016-12-24,38.1
2016-12-25,24.4
2016-12-26,24.5
2016-12-27,34.5
2016-12-28,29.4
2016-12-29,35.4
2016-12-30,40.2
2016-12-31,34.3
2017-01-01,33.4
2017-01-02,28.5
2017-01-03,16.8
2017-01-04,12.6
2017-01-05,-2.4
2017-01-06,0.5
2017-01-07,25.2
2017-01-08,36.6
2017-01-09,37.5
2017-01-10,29.9
2017-01-11,30.0
2017-01-12,24.6
2017-01-13,28.8
2017-01-14,24.5
2017-01-15,23.7
2017-01-16,27.3
2017-01-17,20.6
2017-01-18,24.6
2017-01-19,39.8
2017-01-20,31.6
2017-01-21,24.8
2017-01-22,27.9
2017-01-23,30.7
2017-01-24,20.6
2017-01-25,15.7
2017-01-26,12.7
2017-01-27,21.9
2017-01-28,30.3
2017-01-29,37.3
2017-01-30,40.3
2017-01-31,41.2
2017-02-01,31.9
2017-02-02,23.0
2017-02-09,48.7
2017-02-10,50.9
2017-02-11,40.6
2017-02-12,31.2
2017-02-13,30.9
2017-02-14,27.1
2017-02-15,47.1
2017-02-16,50.0
2017-02-17,44.1
2017-02-18,39.9
2017-02-19,36.8
2017-02-20,40.5
2017-02-21,45.7
2017-02-22,40.2
2017-02-23,20.2
2017-02-24,8.5
2017-02-25,14.8
2017-02-26,20.5
2017-02-27,30.2
2017-02-28,23.7
2017-03-01,22.9
2017-03-02,29.8
2017-03-03,36.4
2017-03-04,43.9
2017-03-05,45.9
2017-03-06,24.4
2017-03-07,27.7
2017-03-08,41.8
2017-03-09,46.9
2017-03-10,46.6
2017-03-11,38.1
2017-03-12,40.7
2017-03-13,38.9
2017-03-14,50.7
2017-03-15,52.3
2017-03-16,51.1
2017-03-17,50.3
2017-03-18,51.3
2017-03-19,54.0
2017-03-20,52.2
2017-03-21,43.9
2017-03-22,52.9
2017-03-23,48.2
2017-03-24,39.8
2017-03-25,44.2
2017-03-26,37.4
2017-03-27,36.9
2017-03-28,33.5
2017-03-29,38.3
2017-03-30,45.1
2017-03-31,32.9
2017-04-05,39.8
2017-04-06,44.2
2017-04-07,45.6
2017-04-08,54.2
2017-04-09,37.1
2017-04-10,37.8
2017-04-11,41.7
2017-04-12,46.2
2017-04-13,48.6
2017-04-14,53.6
2017-04-15,45.9
2017-04-16,45.4
2017-04-17,48.6
2017-04-18,51.1
2017-04-19,46.6
2017-04-20,38.8
2017-04-21,36.3
2017-04-22,37.3
2017-04-23,48.9
2017-04-24,47.9
2017-04-25,39.2
2017-05-06,62.6
2017-05-07,54.8
2017-05-08,47.4
2017-05-09,47.6
2017-05-10,43.0
2017-05-11,46.6
2017-05-12,52.6
2017-05-13,59.4
2017-05-14,51.4
2017-05-15,51.8
2017-05-16,49.7
2017-05-17,43.0
2017-05-18,31.1
2017-05-22,33.8
2017-05-23,40.5
2017-05-24,57.9
2017-05-25,52.8
2017-05-26,49.8
2017-06-02,58.7
2017-06-03,57.4
2017-06-04,57.4
2017-06-05,58.2
2017-06-06,54.6
2017-06-07,55.8
2017-06-08,58.8
2017-06-09,67.3
2017-06-10,69.9
2017-06-11,65.2
2017-06-12,62.7
2017-06-13,58.2
2017-06-14,61.9
2017-06-15,62.5
2017-06-16,64.6
2017-06-17,63.2
2017-06-18,64.4
2017-06-19,60.4
2017-06-20,68.0
2017-06-21,74.2
2017-06-22,65.5
2017-06-23,51.2
2017-06-24,53.7
2017-06-25,56.4
2017-06-26,60.9
2017-06-27,65.8
2017-06-28,61.0
2017-06-29,61.1
2017-06-30,61.1
2017-07-01,59.8
2017-07-02,63.3
2017-07-03,66.0
2017-07-04,65.1
2017-07-05,66.3
2017-07-06,66.4
2017-07-07,59.2
2017-07-08,59.7
2017-07-09,62.7
2017-07-10,64.3
2017-07-11,67.9
2017-07-12,62.2
2017-07-13,62.6
2017-07-14,65.1
2017-07-15,63.7
2017-07-16,63.3
2017-07-17,66.0
2017-07-18,67.8
2017-07-19,66.1
2017-07-20,67.1
2017-07-21,63.6
2017-07-22,62.1
2017-07-23,64.1
2017-07-24,66.8
2017-07-25,62.9
2017-07-26,59.6
2017-07-27,63.0
2017-07-28,64.5
2017-07-29,62.3
2017-07-30,61.9
2017-07-31,62.9
2017-08-01,61.0
2017-08-02,60.4
2017-08-03,52.9
2017-08-04,65.1
2017-08-05,63.4
2017-08-06,53.8
2017-08-07,51.2
2017-08-08,52.0
2017-08-09,52.9
2017-08-10,53.6
2017-08-11,56.0
2017-08-12,60.4
2017-08-13,59.5
2017-08-14,60.5
2017-08-15,60.2
2017-08-16,55.9
2017-08-17,57.9
2017-08-18,62.1
2017-08-19,64.9
2017-08-20,63.3
2017-08-21,59.4
2017-08-22,58.2
2017-08-23,61.1
2017-08-24,57.6
2017-08-25,60.2
2017-08-26,63.9
2017-08-27,61.2
2017-08-28,60.8
2017-08-29,58.9
2017-08-30,59.7
2017-08-31,58.4
2017-09-01,61.9
2017-09-02,60.7
2017-09-03,65.4
2017-09-04,60.3
2017-09-05,53.3
2017-09-06,53.9
2017-09-07,56.9
2017-09-08,56.7
2017-09-09,59.1
2017-09-10,58.3
2017-09-11,58.7
2017-09-12,62.0
2017-09-13,63.6
2017-09-14,59.9
2017-09-15,59.3
2017-09-16,51.8
2017-09-17,48.1
2017-09-18,53.3
2017-09-19,62.5
2017-09-20,55.4
2017-09-21,58.3
2017-09-22,51.8
2017-09-23,43.7
2017-09-24,39.5
2017-09-25,38.7
2017-09-26,42.6
2017-09-27,43.7
2017-09-28,43.2
2017-09-29,44.0
2017-09-30,48.3
2017-10-01,44.5
2017-10-02,34.9
2017-10-03,37.1
2017-10-04,46.5
2017-10-05,45.7
2017-10-06,41.7
2017-10-07,53.7
2017-10-08,51.6
2017-10-09,27.1
2017-10-10,30.9
2017-10-11,54.7
2017-10-12,53.4
2017-10-13,42.6
2017-10-14,38.9
2017-10-15,45.9
2017-10-16,50.4
2017-10-17,55.4
2017-10-18,52.9
2017-10-19,46.0
2017-10-20,55.7
2017-10-21,36.7
2017-10-22,47.4
2017-10-23,45.3
2017-10-24,43.6
2017-10-25,54.2
2017-10-26,38.7
2017-10-27,26.4
2017-10-28,44.1
2017-10-29,48.1
2017-10-30,25.4
2017-10-31,38.3
2017-11-01,50.4
2017-11-02,42.9
2017-11-03,49.7
2017-11-04,42.9
2017-11-05,35.5
2017-11-06,38.9
2017-11-07,26.5
2017-11-08,27.0
2017-11-09,31.5
2017-11-10,45.0
2017-11-11,39.7
2017-11-12,36.1
2017-11-13,47.0
2017-11-14,48.8
2017-11-15,39.9
2017-11-16,50.8
2017-11-17,41.9
2017-11-18,30.3
2017-11-19,40.0
2017-11-20,45.0
2017-11-21,38.3
2017-11-22,48.6
2017-11-23,51.6
2017-11-24,50.0
2017-11-25,48.0
2017-11-26,52.5
2017-11-27,53.1
2017-11-28,30.2
2017-11-29,42.4
2017-11-30,38.2
2017-12-01,42.2
2017-12-02,44.2
2017-12-03,46.5
2017-12-04,25.5
2017-12-05,28.6
2017-12-06,21.4
2017-12-07,25.6
2017-12-08,39.1
2017-12-09,41.9
2017-12-10,41.1
2017-12-11,43.7
2017-12-12,44.2
2017-12-13,40.9
2017-12-14,26.0
2017-12-15,41.0
2017-12-16,36.1
2017-12-17,31.4
2017-12-18,39.3
2017-12-19,41.1
2017-12-20,42.4
2017-12-21,15.3
2017-12-22,22.3
2017-12-23,25.7
2017-12-24,23.6
2017-12-25,30.6
2017-12-26,32.7
2017-12-27,35.5
2017-12-28,40.0
2017-12-29,45.5
2017-12-30,43.9
2017-12-31,20.7
2018-01-01,34.6
2018-01-02,29.7
2018-01-03,35.9
2018-01-04,35.9
2018-01-05,43.1
2018-01-06,41.3
2018-01-07,37.5
2018-01-08,46.9
2018-01-09,47.6
2018-01-10,39.5
2018-01-11,26.7
2018-01-12,32.5
2018-01-13,32.2
2018-01-14,38.0
2018-01-15,16.0
2018-01-16,13.8
2018-01-17,35.7
2018-01-18,36.8
2018-01-19,48.1
2018-01-20,35.7
2018-01-21,18.7
2018-01-22,23.7
2018-01-23,25.4
2018-01-24,35.6
2018-01-25,42.8
2018-01-26,25.2
2018-01-27,27.5
2018-01-28,34.2
2018-01-29,40.4
2018-01-30,46.4
2018-01-31,39.2
2018-02-02,40.5
2018-02-03,39.3
2018-02-04,40.9
2018-02-05,33.8
2018-02-06,31.2
2018-02-07,35.8
2018-02-08,40.8
2018-02-09,34.6
2018-02-10,15.2
2018-02-11,21.8
2018-02-12,18.9
2018-02-13,32.2
2018-02-14,39.2
2018-02-15,29.7
2018-02-16,27.9
2018-02-17,34.2
2018-02-18,40.6
2018-02-19,8.5
2018-02-20,5.4
2018-02-21,11.0
2018-02-22,13.7
2018-02-23,18.8
2018-02-24,15.2
2018-02-25,19.9
2018-02-26,29.4
2018-02-27,30.1
2018-02-28,29.6
2018-03-23,42.0
2018-03-24,40.9
2018-03-25,42.7
2018-03-26,34.4
2018-03-27,29.8
2018-03-28,32.0
2018-03-29,28.1
2018-03-30,39.9
2018-03-31,40.1
2018-04-01,39.5
2018-04-02,51.7
2018-04-03,30.4
2018-04-04,40.7
2018-04-05,44.8
2018-04-06,26.0
2018-04-07,37.3
2018-04-08,40.2
2018-04-09,37.7
2018-04-10,46.0
2018-04-11,58.0
2018-04-12,48.5
2018-04-13,30.5
2018-04-14,35.8
2018-04-15,40.9
2018-04-16,47.4
2018-04-17,41.7
2018-04-18,35.2
2018-04-19,38.1
2018-04-20,34.0
2018-04-21,31.1
2018-04-22,43.6
2018-04-23,45.2
2018-04-24,30.3
2018-04-25,40.8
2018-04-26,44.5
2018-04-27,44.6
2018-04-28,48.3
2018-04-29,58.0
2018-04-30,48.9
2018-05-01,44.3
2018-05-02,37.4
2018-05-03,36.5
2018-05-04,44.6
2018-05-05,49.6
2018-05-06,51.4
2018-05-07,54.5
2018-05-08,54.9
2018-05-09,58.3
2018-05-10,56.8
2018-05-11,52.7
2018-05-12,50.0
2018-05-13,49.4
2018-05-14,49.1
2018-05-15,49.8
2018-05-16,54.9
2018-05-17,56.8
2018-05-18,49.3
2018-05-19,41.6
2018-05-20,42.3
2018-05-21,52.5
2018-05-22,51.2
2018-05-23,51.7
2018-05-24,56.6
2018-05-25,59.2
2018-05-26,63.1
2018-05-27,60.6
2018-05-28,49.9
2018-05-29,52.3
2018-05-30,53.6
2018-05-31,63.4
2018-06-01,61.4
2018-06-02,58.3
2018-06-03,55.2
2018-06-04,66.0
2018-06-05,64.5
2018-06-06,63.9
2018-06-07,65.2
2018-06-08,64.6
2018-06-09,60.5
2018-06-10,68.3
2018-06-11,64.6
2018-06-12,59.9
2018-06-13,63.6
2018-06-14,74.8
2018-06-15,69.9
2018-06-16,61.5
2018-06-17,54.9
2018-06-18,58.5
2018-06-19,57.6
2018-06-20,56.4
2018-06-21,60.5
2018-06-22,64.2
2018-06-23,60.9
2018-06-24,51.7
2018-06-25,58.7
2018-06-26,68.3
2018-06-27,69.1
2018-06-28,71.0
2018-06-29,73.4
2018-06-30,55.8
2018-07-01,60.4
2018-07-02,65.1
2018-07-03,68.0
2018-07-04,65.9
2018-07-05,62.0
2018-07-06,65.1
2018-07-07,65.3
2018-07-08,66.8
2018-07-09,67.5
2018-07-10,68.8
2018-07-11,68.9
2018-07-12,60.5
2018-07-13,62.5
2018-07-14,67.6
2018-07-15,56.9
2018-07-16,61.3
2018-07-17,62.9
2018-07-18,68.4
2018-07-24,68.0
2018-07-25,61.6
2018-07-26,58.9
2018-07-27,61.0
2018-07-28,58.1
2018-07-29,58.0
2018-07-30,58.1
2018-07-31,59.7
2018-08-01,60.3
2018-08-02,64.1
2018-08-03,64.0
2018-08-04,68.9
2018-08-05,64.9
2018-08-06,61.5
2018-08-07,61.5
2018-08-08,59.2
2018-08-09,62.7
2018-08-10,63.5
2018-08-11,64.2
2018-08-12,63.9
2018-08-13,62.3
2018-08-14,57.7
2018-08-15,68.7
2018-08-16,62.6
2018-08-17,62.6
2018-08-18,58.6
2018-08-19,53.2
2018-08-20,53.7
2018-08-21,54.6
2018-08-22,58.4
2018-08-23,63.3
2018-08-24,66.9
2018-08-25,64.0
2018-08-26,67.9
2018-08-27,66.1
2018-08-28,55.1
2018-08-29,59.0
2018-08-30,61.7
2018-08-31,61.0
2018-09-01,61.2
2018-09-02,56.4
2018-09-03,56.0
2018-09-04,54.0
2018-09-05,53.8
2018-09-06,51.8
2018-09-07,53.0
2018-09-08,57.7
2018-09-09,62.8
2018-09-10,59.5
2018-09-13,73.4
2018-09-14,69.1
2018-09-15,63.1
2018-09-16,64.8
2018-09-17,64.8
2018-09-18,62.4
2018-09-19,61.0
2018-09-20,60.1
2018-09-21,50.2
2018-09-22,55.6
2018-09-23,57.5
2018-09-24,55.5
2018-09-25,47.6
2018-09-26,48.1
2018-09-27,58.0
2018-09-28,39.4
2018-09-29,57.6
2018-09-30,53.7
2018-10-01,56.7
2018-10-02,60.4
2018-10-03,59.8
2018-10-04,48.6
2018-10-05,50.0
2018-10-06,38.7
2018-10-07,38.6
2018-10-08,32.6
2018-10-09,31.2
2018-10-10,26.5
2018-10-11,33.3
2018-10-12,44.1
2018-10-13,46.3
2018-10-14,17.9
2018-10-15,19.9
2018-10-16,31.1
2018-10-17,34.7
2018-10-18,40.3
2018-10-19,44.9
2018-10-20,40.7
2018-10-21,48.9
2018-10-22,45.3
2018-10-23,43.8
2018-10-24,45.9
2018-10-25,46.7
2018-10-26,48.4
2018-10-27,53.3
2018-10-28,49.4
2018-10-29,56.1
2018-10-30,31.5
2018-10-31,30.8
2018-11-01,36.5
2018-11-02,43.6
2018-11-03,35.8
2018-11-04,36.1
2018-11-05,34.5
2018-11-06,30.1
2018-11-07,26.1
2018-11-10,34.6
2018-11-11,17.3
2018-11-12,14.2
2018-11-15,41.3
2018-11-16,41.3
2018-11-17,20.6
2018-11-18,22.0
2018-11-19,31.2
2018-11-20,33.2
2018-11-21,34.8
2018-11-22,40.9
2018-11-23,34.8
2018-11-24,30.8
2018-11-25,24.8
2018-11-26,32.6
2018-11-27,39.1
2018-11-28,39.5
2018-12-01,28.4
2018-12-02,20.4
2018-12-03,12.7
2018-12-04,18.8
2018-12-10,40.0
2018-12-11,39.5
2018-12-12,36.1
2018-12-13,33.8
2018-12-14,38.2
2018-12-15,42.6
2018-12-16,39.7
2018-12-17,37.3
2018-12-18,38.7
2018-12-19,30.7
2018-12-20,30.7
2018-12-21,38.5
2018-12-22,28.0
2018-12-23,31.7
2018-12-24,32.1
2018-12-25,24.0
2018-12-26,23.4
2018-12-27,15.4
2018-12-28,10.2
2018-12-29,18.9
2018-12-30,30.8
2018-12-31,9.5
2019-01-01,2.4
2019-01-02,13.7
2019-01-03,31.9
2019-01-04,44.0
2019-01-05,43.7
2019-01-06,36.2
2019-01-07,30.1
2019-01-08,33.1
2019-01-12,26.7
2019-01-13,16.9
2019-01-14,18.2
2019-01-15,33.1
2019-01-16,32.9
2019-01-17,38.4
2019-01-18,30.2
2019-01-19,31.6
2019-01-20,40.8
2019-01-21,36.2
2019-01-22,20.4
2019-01-23,23.5
2019-01-24,21.1
2019-01-25,24.7
2019-01-26,29.2
2019-01-27,35.5
2019-01-28,21.3
2019-01-29,25.8
2019-01-30,31.9
2019-01-31,36.6
2019-02-01,40.0
2019-02-02,41.5
2019-02-03,42.3
2019-02-04,38.5
2019-02-05,36.5
2019-02-06,13.9
2019-02-07,6.9
2019-02-08,24.3
2019-02-09,25.9
2019-02-10,27.4
2019-02-11,23.8
2019-02-12,28.7
2019-02-13,36.8
2019-02-14,33.3
2019-02-15,35.3
2019-02-16,25.2
2019-02-17,16.7
2019-02-18,7.9
2019-02-19,7.4
2019-02-20,13.9
2019-02-21,13.5
2019-02-22,18.5
2019-02-23,20.9
2019-02-24,26.8
2019-02-25,35.8
2019-02-26,42.7
2019-02-27,41.4
2019-02-28,38.3
2019-03-02,11.6
2019-03-03,1.0
2019-03-04,5.9
2019-03-05,27.0
2019-03-06,36.6
2019-03-07,36.7
2019-03-08,33.6
2019-03-09,28.7
2019-03-10,28.3
2019-03-11,29.8
2019-03-12,38.5
2019-03-13,24.1
2019-03-14,22.5
2019-03-15,24.1
2019-03-16,26.8
2019-03-17,30.8
2019-03-18,30.6
2019-03-19,30.3
2019-03-20,31.4
2019-03-21,33.9
2019-03-22,34.1
2019-03-23,37.7
2019-03-24,37.2
2019-03-25,35.9
2019-03-26,42.8
2019-03-27,49.1
2019-03-28,48.3
2019-03-29,35.5
2019-03-30,25.6
2019-03-31,29.9
2019-04-01,35.4
2019-04-02,34.2
2019-04-03,39.3
2019-04-04,43.6
2019-04-05,45.8
2019-04-06,44.1
2019-04-07,47.9
2019-04-08,52.2
2019-04-09,52.5
2019-04-10,31.9
2019-04-11,24.5
2019-04-12,24.3
2019-04-13,29.3
2019-04-14,42.0
2019-04-15,50.3
2019-04-16,44.9
2019-04-17,46.9
2019-04-18,46.0
2019-04-19,52.4
2019-04-20,53.1
2019-04-21,46.4
2019-04-22,36.9
2019-04-23,44.6
2019-04-24,46.9
2019-04-25,46.2
2019-04-26,47.5
2019-04-27,49.1
2019-04-28,48.7
2019-04-29,26.2
2019-04-30,29.8
2019-05-01,34.6
2019-05-02,38.3
2019-05-03,43.5
2019-05-04,44.2
2019-05-05,48.4
2019-05-06,49.8
2019-05-07,44.4
2019-05-08,35.5
2019-05-09,28.5
2019-05-10,35.0
2019-05-11,41.8
2019-05-12,48.9
2019-05-13,55.8
2019-05-14,53.8
2019-05-15,56.1
2019-05-16,53.7
2019-05-17,46.6
2019-05-18,44.7
2019-05-19,37.4
2019-05-20,32.2
2019-05-21,31.5
2019-05-22,33.6
2019-05-23,34.4
2019-05-24,46.8
2019-05-25,49.6
2019-05-26,49.4
2019-05-27,43.9
2019-05-28,41.5
2019-05-29,41.7
2019-05-30,45.4
2019-05-31,49.6
2019-06-01,51.6
2019-06-02,54.9
2019-06-03,53.0
2019-06-04,56.0
2019-06-05,52.4
2019-06-06,56.9
2019-06-07,58.0
2019-06-08,55.5
2019-06-09,45.1
2019-06-10,51.5
2019-06-11,53.2
2019-06-12,54.4
2019-06-13,59.3
2019-06-14,60.6
2019-06-15,59.2
2019-06-16,54.6
2019-06-17,52.2
2019-06-18,51.5
2019-06-19,61.2
2019-06-20,60.8
2019-06-21,48.8
2019-06-22,43.4
2019-06-23,43.6
2019-06-26,69.8
2019-06-27,61.7
2019-06-28,65.2
2019-06-29,67.0
2019-06-30,61.0
2019-07-01,61.0
2019-07-02,60.5
2019-07-03,65.5
2019-07-04,60.6
2019-07-05,59.7
2019-07-06,58.0
2019-07-07,58.7
2019-07-08,60.8
2019-07-09,61.0
2019-07-10,60.9
2019-07-11,66.5
2019-07-12,63.5
2019-07-13,64.3
2019-07-14,66.3
2019-07-15,60.5
2019-07-16,62.9
2019-07-17,67.8
2019-07-18,67.3
2019-07-19,74.4
2019-07-20,64.0
2019-07-21,60.2
2019-07-22,59.9
2019-07-23,61.6
2019-07-24,62.0
2019-07-25,63.8
2019-07-26,62.3
2019-07-27,61.8
2019-07-28,67.6
2019-07-29,63.6
2019-07-30,65.2
2019-07-31,70.1
2019-08-01,60.9
2019-08-02,61.6
2019-08-03,65.8
2019-08-04,63.6
2019-08-05,63.5
2019-08-06,65.9
2019-08-07,63.0
2019-08-08,60.2
2019-08-09,67.8
2019-08-10,59.7
2019-08-11,56.8
2019-08-12,65.0
2019-08-13,63.4
2019-08-14,64.9
2019-08-15,63.9
2019-08-16,62.3
2019-08-17,59.4
2019-08-18,64.1
2019-08-19,66.6
2019-08-20,66.7
2019-08-21,60.4
2019-08-22,62.7
2019-08-23,63.3
2019-08-24,60.2
2019-08-25,69.6
2019-08-26,61.7
2019-08-27,54.9
2019-08-28,61.1
2019-08-29,60.3
2019-08-30,60.6
2019-08-31,63.0
2019-09-01,66.7
2019-09-02,67.9
2019-09-03,62.2
2019-09-04,65.5
2019-09-05,69.6
2019-09-06,60.9
2019-09-07,60.8
2019-09-08,52.0
2019-09-09,55.3
2019-09-10,56.9
2019-09-11,55.1
2019-09-12,53.3
2019-09-13,51.6
2019-09-14,59.0
2019-09-15,57.7
2019-09-16,60.3
2019-09-17,63.0
2019-09-18,46.9
2019-09-19,52.9
2019-09-20,66.0
2019-09-21,54.0
2019-09-22,47.4
2019-09-23,53.8
2019-09-24,59.9
2019-09-25,59.0
2019-09-26,60.2
2019-09-27,54.2
2019-09-28,49.1
2019-09-29,55.0
2019-09-30,48.7
2019-10-01,45.2
2019-10-02,46.4
2019-10-03,42.9
2019-10-04,50.4
2019-10-05,46.9
2019-10-06,42.3
2019-10-07,49.2
2019-10-08,58.4
2019-10-09,53.2
2019-10-10,19.4
2019-10-11,30.3
2019-10-12,45.6
2019-10-13,47.2
2019-10-14,49.9
2019-10-15,41.7
2019-10-16,54.2
2019-10-17,55.6
2019-10-18,47.3
2019-10-19,41.5
2019-10-20,30.6
2019-10-21,32.2
2019-10-22,39.7
2019-10-23,33.6
2019-10-24,25.6
2019-10-25,41.9
2019-10-26,46.9
2019-10-27,15.3
2019-10-28,16.1
2019-10-29,5.7
2019-10-30,9.2
2019-10-31,34.5
2019-11-01,28.4
2019-11-02,38.6
2019-11-03,43.4
2019-11-04,37.2
2019-11-05,44.2
2019-11-06,35.9
2019-11-07,32.6
2019-11-08,48.2
2019-11-09,51.6
2019-11-10,43.6
2019-11-11,18.1
2019-11-12,37.3
2019-11-13,41.1
2019-11-14,35.7
2019-11-15,46.8
2019-11-16,39.2
2019-11-17,40.9
2019-11-18,46.8
2019-11-19,49.2
2019-11-20,37.0
2019-11-21,25.1
2019-11-22,27.8
2019-11-23,40.6
2019-11-24,41.5
2019-11-25,26.8
2019-11-26,11.3
2019-11-27,6.0
2019-11-28,20.4
2019-11-29,24.6
2019-11-30,22.9
2019-12-01,31.1
2019-12-02,41.2
2019-12-03,37.8
2019-12-04,38.2
2019-12-05,33.0
2019-12-06,35.4
2019-12-07,41.3
2019-12-08,37.5
2019-12-09,28.5
2019-12-10,29.8
2019-12-11,36.5
2019-12-12,31.9
2019-12-13,30.0
2019-12-14,23.0
2019-12-15,17.4
2019-12-16,11.5
2019-12-17,23.1
2019-12-18,32.8
2019-12-19,26.8
2019-12-20,34.9
2019-12-21,44.4
2019-12-22,46.4
2019-12-23,34.7
2019-12-24,33.3
2019-12-25,29.7
2019-12-26,24.8
2019-12-27,17.0
2019-12-28,17.8
2019-12-29,15.0
2019-12-30,18.9
2019-12-31,25.0
2020-01-01,30.5
2020-01-02,26.9
2020-01-03,29.6
2020-01-04,38.6
2020-01-05,30.3
2020-01-06,24.7
2020-01-07,33.8
2020-01-08,37.6
2020-01-09,26.2
2020-01-10,15.6
2020-01-11,24.5
2020-01-12,22.8
2020-01-13,24.7
2020-01-14,31.7
2020-01-15,24.5
2020-01-16,23.4
2020-01-17,28.5
2020-01-18,25.3
2020-01-19,28.4
2020-01-20,23.2
2020-01-21,38.0
2020-01-22,32.6
2020-01-23,28.8
2020-01-24,35.6
2020-01-25,35.3
2020-01-26,36.8
2020-01-27,33.7
2020-01-28,28.2
2020-01-29,26.8
2020-01-30,25.1
2020-01-31,31.3
2020-02-01,41.2
2020-02-02,45.1
2020-02-03,13.6
2020-02-04,2.7
2020-02-05,11.4
2020-02-06,23.4
2020-02-07,19.6
2020-02-08,33.9
2020-02-09,19.5
2020-02-10,21.4
2020-02-11,16.6
2020-02-12,20.9
2020-02-13,20.7
2020-02-14,36.3
2020-02-15,33.7
2020-02-16,32.6
2020-02-17,24.0
2020-02-18,16.0
2020-02-19,11.7
2020-02-20,12.0
2020-02-21,35.3
2020-02-22,38.7
2020-02-23,29.4
2020-02-24,24.5
2020-02-25,16.6
2020-02-26,23.6
2020-02-27,30.9
2020-02-28,37.7
2020-02-29,37.6
2020-03-01,28.7
2020-03-02,26.4
2020-03-03,36.0
2020-03-04,38.8
2020-03-05,37.2
2020-03-06,32.3
2020-03-07,38.4
2020-03-08,43.9
2020-03-09,37.7
2020-03-10,38.2
2020-03-11,42.0
2020-03-12,36.3
2020-03-13,26.5
2020-03-14,36.6
2020-03-15,40.6
2020-03-16,40.6
2020-03-17,40.0
2020-03-18,38.8
2020-03-19,28.5
2020-03-20,19.9
2020-03-21,32.5
2020-03-22,30.7
2020-03-23,34.0
2020-03-24,39.9
2020-03-25,41.7
2020-03-26,39.9
2020-03-27,29.8
2020-03-28,27.6
2020-03-29,33.7
2020-03-30,35.6
2020-03-31,43.7
2020-04-01,46.8
2020-04-02,23.0
2020-04-03,20.3
2020-04-04,34.5
2020-04-05,40.1
2020-04-06,46.7
2020-04-07,51.0
2020-04-08,46.5
2020-04-09,37.0
2020-04-10,45.1
2020-04-11,46.9
2020-04-12,17.4
2020-04-13,11.7
2020-04-14,18.4
2020-04-15,30.1
2020-04-16,18.6
2020-04-17,25.7
2020-04-18,35.4
2020-04-19,38.6
2020-04-20,42.3
2020-04-21,40.9
2020-04-22,42.7
2020-04-23,44.7
2020-04-24,40.4
2020-04-25,43.5
2020-04-26,48.2
2020-04-27,55.0
2020-04-28,52.3
2020-04-29,46.8
2020-04-30,57.1
2020-05-01,57.8
2020-05-02,47.1
2020-05-03,51.6
2020-05-04,45.1
2020-05-05,48.7
2020-05-06,43.6
2020-05-07,46.6
2020-05-08,39.1
2020-05-09,42.5
2020-05-10,41.9
2020-05-11,36.8
2020-05-12,51.9
2020-05-13,54.9
2020-05-14,48.9
2020-05-15,46.5
2020-05-16,48.7
2020-05-17,50.9
2020-05-18,57.9
2020-05-19,60.8
2020-05-20,61.1
2020-05-21,53.6
2020-05-22,52.5
2020-05-23,52.7
2020-05-24,40.7
2020-05-25,41.8
2020-05-26,51.7
2020-05-27,58.3
2020-05-28,54.4
2020-05-29,63.1
2020-05-30,62.2
2020-05-31,62.8
2020-06-01,68.6
2020-06-02,62.6
2020-06-03,60.0
2020-06-04,60.4
2020-06-05,66.8
2020-06-06,62.6
2020-06-07,60.0
2020-06-08,51.5
2020-06-09,46.7
2020-06-10,51.9
2020-06-11,55.0
2020-06-12,61.5
2020-06-13,61.2
2020-06-14,65.7
2020-06-15,59.9
2020-06-16,65.3
2020-06-17,64.4
2020-06-18,53.2
2020-06-19,48.8
2020-06-20,56.3
2020-06-21,58.9
2020-06-22,57.1
2020-06-23,58.8
2020-06-24,59.7
2020-06-25,62.6
2020-06-26,57.8
2020-06-27,64.5
2020-06-28,66.1
2020-06-29,65.3
2020-06-30,58.6
2020-07-01,59.9
2020-07-02,64.2
2020-07-03,67.4
2020-07-04,62.2
2020-07-05,61.0
2020-07-06,65.1
2020-07-07,68.6
2020-07-08,65.5
2020-07-09,64.1
2020-07-10,68.7
2020-07-11,67.0
2020-07-12,68.3
2020-07-13,73.4
2020-07-14,62.4
2020-07-15,62.3
2020-07-16,65.7
2020-07-17,65.7
2020-07-18,76.3
2020-07-19,66.6
2020-07-20,70.1
2020-07-21,65.3
2020-07-22,65.4
2020-07-23,67.1
2020-07-24,64.1
2020-07-25,62.8
2020-07-26,60.6
2020-07-27,61.7
2020-07-28,60.5
